        Lon,        Lat, YearDay, Time,       Satellite, Method of Detect, Ecosys, Fire RadPower
 -65.908676,  56.783611, 2022167, 0610,         NOAA 20,            VIIRS,      9,         3.929
 -68.182701,  57.871559, 2022167, 0610,         NOAA 20,            VIIRS,     17,         1.696
 -68.190598,  57.868019, 2022167, 0610,         NOAA 20,            VIIRS,     17,         1.696
 -68.183777,  57.867481, 2022167, 0610,         NOAA 20,            VIIRS,     17,         1.696
 -68.191635,  57.863949, 2022167, 0610,         NOAA 20,            VIIRS,     17,         0.920
 -68.184853,  57.863411, 2022167, 0610,         NOAA 20,            VIIRS,     17,         0.920
 -68.185944,  57.859344, 2022167, 0610,         NOAA 20,            VIIRS,     17,         0.920
 -68.187057,  57.855267, 2022167, 0610,         NOAA 20,            VIIRS,     17,         5.680
 -68.199585,  57.860416, 2022167, 0610,         NOAA 20,            VIIRS,     17,         1.627
 -74.493019,  55.169834, 2022167, 0616,         NOAA 20,            VIIRS,      9,         0.889
 -74.485313,  55.108295, 2022167, 0616,         NOAA 20,            VIIRS,     44,         1.252
 -81.780434,  38.614605, 2022167, 0616,         NOAA 20,            VIIRS,     25,         7.867
 -80.592613,  33.368183, 2022167, 0621,         NOAA 20,            VIIRS,     31,         0.469
 -74.335907,  55.199432, 2022167, 0751,         NOAA 20,            VIIRS,     44,         2.119
 -74.345535,  55.197182, 2022167, 0751,         NOAA 20,            VIIRS,      9,         2.503
 -74.374664,  55.200020, 2022167, 0751,         NOAA 20,            VIIRS,     44,         2.484
 -74.355194,  55.194939, 2022167, 0751,         NOAA 20,            VIIRS,     44,         1.503
 -74.364861,  55.192707, 2022167, 0751,         NOAA 20,            VIIRS,     44,         2.858
 -74.358376,  55.191013, 2022167, 0751,         NOAA 20,            VIIRS,     44,         1.503
 -74.338997,  55.176414, 2022167, 0751,         NOAA 20,            VIIRS,     44,         1.008
 -74.390686,  55.189938, 2022167, 0751,         NOAA 20,            VIIRS,     44,         1.301
 -74.400337,  55.187706, 2022167, 0751,         NOAA 20,            VIIRS,     44,        11.379
 -74.393860,  55.186016, 2022167, 0751,         NOAA 20,            VIIRS,     44,         1.513
 -74.396942,  55.182064, 2022167, 0751,         NOAA 20,            VIIRS,     44,         1.513
 -74.387108,  55.174732, 2022167, 0751,         NOAA 20,            VIIRS,      9,         0.989
 -74.396645,  55.172470, 2022167, 0751,         NOAA 20,            VIIRS,     44,         1.671
 -74.383675,  55.169071, 2022167, 0751,         NOAA 20,            VIIRS,      9,         0.989
 -74.382683,  55.170372, 2022167, 0751,         NOAA 20,            VIIRS,      9,         0.983
 -74.377220,  55.167377, 2022167, 0751,         NOAA 20,            VIIRS,      9,         1.409
 -74.376221,  55.168709, 2022167, 0751,         NOAA 20,            VIIRS,      9,         0.983
 -74.372276,  55.143936, 2022167, 0751,         NOAA 20,            VIIRS,     44,         1.221
 -74.423843,  55.138264, 2022167, 0751,         NOAA 20,            VIIRS,     44,         1.690
 -74.427010,  55.134327, 2022167, 0751,         NOAA 20,            VIIRS,     44,         2.499
 -74.439865,  55.128166, 2022167, 0751,         NOAA 20,            VIIRS,     44,         0.571
 -74.450134,  55.154541, 2022167, 0751,         NOAA 20,            VIIRS,     44,         0.743
 -74.453255,  55.150608, 2022167, 0751,         NOAA 20,            VIIRS,     44,        14.836
 -74.446732,  55.148926, 2022167, 0751,         NOAA 20,            VIIRS,     44,         3.344
 -74.474136,  55.183270, 2022167, 0751,         NOAA 20,            VIIRS,     17,         1.542
 -74.473564,  55.184238, 2022167, 0751,         NOAA 20,            VIIRS,     17,         1.731
 -74.457108,  55.175282, 2022167, 0751,         NOAA 20,            VIIRS,     44,         3.538
 -74.476662,  55.180305, 2022167, 0751,         NOAA 20,            VIIRS,     17,         1.731
 -74.486099,  55.168545, 2022167, 0751,         NOAA 20,            VIIRS,      9,         1.106
 -74.377808,  55.196083, 2022167, 0751,         NOAA 20,            VIIRS,      9,         2.484
 -74.443031,  55.124241, 2022167, 0751,         NOAA 20,            VIIRS,     44,         0.571
 -74.439789,  55.118649, 2022167, 0751,         NOAA 20,            VIIRS,     44,         0.545
 -74.484360,  55.111244, 2022167, 0751,         NOAA 20,            VIIRS,     44,         1.349
 -74.487465,  55.107307, 2022167, 0751,         NOAA 20,            VIIRS,     44,         1.349
 -74.481064,  55.105640, 2022167, 0751,         NOAA 20,            VIIRS,     44,         1.433
 -74.489510,  55.174149, 2022167, 0751,         NOAA 20,            VIIRS,      9,         3.707
 -74.492676,  55.170231, 2022167, 0751,         NOAA 20,            VIIRS,      9,         1.106
 -74.489120,  55.164593, 2022167, 0751,         NOAA 20,            VIIRS,     44,         1.106
 -74.236877,  52.989437, 2022167, 0757,         NOAA 20,            VIIRS,     63,         4.960
 -74.229492,  52.987423, 2022167, 0757,         NOAA 20,            VIIRS,     63,         3.424
 -74.240005,  52.985176, 2022167, 0757,         NOAA 20,            VIIRS,     63,         2.446
 -74.228333,  52.976871, 2022167, 0757,         NOAA 20,            VIIRS,     63,         3.084
 -74.239014,  52.974667, 2022167, 0757,         NOAA 20,            VIIRS,     63,         3.098
 -74.231567,  52.972633, 2022167, 0757,         NOAA 20,            VIIRS,     63,         3.098
 -74.227440,  52.966385, 2022167, 0757,         NOAA 20,            VIIRS,     63,         3.750
 -74.230759,  52.962170, 2022167, 0757,         NOAA 20,            VIIRS,     63,         2.068
 -74.225113,  52.981110, 2022167, 0757,         NOAA 20,            VIIRS,     63,         3.084
 -74.246315,  52.976669, 2022167, 0757,         NOAA 20,            VIIRS,     63,         2.534
 -74.242287,  52.970448, 2022167, 0757,         NOAA 20,            VIIRS,     63,         3.098
 -74.249580,  52.972443, 2022167, 0757,         NOAA 20,            VIIRS,     63,         2.534
 -74.245499,  52.966209, 2022167, 0757,         NOAA 20,            VIIRS,     63,         1.482
 -74.234215,  52.957993, 2022167, 0757,         NOAA 20,            VIIRS,     63,         2.068
 -74.255432,  52.953568, 2022167, 0757,         NOAA 20,            VIIRS,     63,         1.843
 -78.223991,  39.609985, 2022167, 0757,         NOAA 20,            VIIRS,     25,         1.087
 -80.827263,  39.549850, 2022167, 0757,         NOAA 20,            VIIRS,     25,         1.081
 -80.828407,  39.550674, 2022167, 0757,         NOAA 20,            VIIRS,     25,         0.530
 -80.824738,  39.549740, 2022167, 0757,         NOAA 20,            VIIRS,     25,         0.530
 -80.211380,  37.287285, 2022167, 0757,         NOAA 20,            VIIRS,     24,         0.545
 -81.084717,  36.470829, 2022167, 0757,         NOAA 20,            VIIRS,     24,         0.359
 -81.082794,  36.472767, 2022167, 0757,         NOAA 20,            VIIRS,     24,         0.515
 -87.826820,  35.697952, 2022167, 0757,         NOAA 20,            VIIRS,     26,         0.748
 -89.197670,  35.543591, 2022167, 0757,         NOAA 20,            VIIRS,     57,         1.785
 -89.674835,  35.957153, 2022167, 0757,         NOAA 20,            VIIRS,     57,         1.563
 -89.665215,  35.955345, 2022167, 0757,         NOAA 20,            VIIRS,     57,         1.539
 -83.475533,  39.294567, 2022167, 0757,         NOAA 20,            VIIRS,     30,         0.765
 -89.222321,  37.761768, 2022167, 0757,         NOAA 20,            VIIRS,     57,         1.142
 -88.423759,  43.237171, 2022167, 0757,         NOAA 20,            VIIRS,     55,         0.466
 -91.567070,  44.901928, 2022167, 0757,         NOAA 20,            VIIRS,     30,         0.689
 -96.054939,  43.950073, 2022167, 0757,         NOAA 20,            VIIRS,     35,         1.341
 -96.054100,  43.951180, 2022167, 0757,         NOAA 20,            VIIRS,     35,         1.134
 -92.560669,  43.038540, 2022167, 0757,         NOAA 20,            VIIRS,     30,         1.099
 -93.057739,  41.810352, 2022167, 0757,         NOAA 20,            VIIRS,     35,         0.698
 -93.460274,  42.146034, 2022167, 0757,         NOAA 20,            VIIRS,     35,         1.468
 -93.789574,  41.486862, 2022167, 0757,         NOAA 20,            VIIRS,     30,         0.592
 -94.399139,  41.790890, 2022167, 0757,         NOAA 20,            VIIRS,     35,         0.348
 -94.611809,  42.405502, 2022167, 0757,         NOAA 20,            VIIRS,     35,         1.108
 -95.457794,  42.312447, 2022167, 0757,         NOAA 20,            VIIRS,     35,         0.500
 -95.506561,  41.067963, 2022167, 0757,         NOAA 20,            VIIRS,     35,         0.919
 -89.721695,  36.072296, 2022167, 0757,         NOAA 20,            VIIRS,     57,         1.101
 -92.414879,  37.243832, 2022167, 0757,         NOAA 20,            VIIRS,     26,         0.214
 -96.010612,  41.094204, 2022167, 0757,         NOAA 20,            VIIRS,     30,         0.367
 -96.404312,  40.770439, 2022167, 0757,         NOAA 20,            VIIRS,     30,         1.170
 -96.404694,  40.769176, 2022167, 0757,         NOAA 20,            VIIRS,     30,         1.354
 -88.469536,  46.898418, 2022167, 0757,         NOAA 20,            VIIRS,     23,         3.605
 -83.121315,  34.172134, 2022167, 0802,         NOAA 20,            VIIRS,     27,         0.365
 -87.511726,  34.906689, 2022167, 0802,         NOAA 20,            VIIRS,     57,         0.820
 -89.255035,  33.410027, 2022167, 0802,         NOAA 20,            VIIRS,     26,         1.472
 -90.700302,  33.535217, 2022167, 0802,         NOAA 20,            VIIRS,     35,         0.838
 -91.305901,  31.554039, 2022167, 0802,         NOAA 20,            VIIRS,     27,         0.598
 -91.678101,  35.305363, 2022167, 0802,         NOAA 20,            VIIRS,     57,         1.082
 -92.417786,  34.892208, 2022167, 0802,         NOAA 20,            VIIRS,     26,         1.133
 -92.175049,  31.196922, 2022167, 0802,         NOAA 20,            VIIRS,     57,         0.454
 -92.957100,  31.587368, 2022167, 0802,         NOAA 20,            VIIRS,     31,         1.643
 -93.013863,  29.772099, 2022167, 0802,         NOAA 20,            VIIRS,     91,         1.854
 -94.302109,  30.435890, 2022167, 0802,         NOAA 20,            VIIRS,     27,         1.420
 -94.302803,  30.432604, 2022167, 0802,         NOAA 20,            VIIRS,     27,         1.420
 -95.516922,  29.461216, 2022167, 0802,         NOAA 20,            VIIRS,     27,         1.061
 -96.558701,  30.165291, 2022167, 0802,         NOAA 20,            VIIRS,     94,         1.032
 -99.539932,  28.140615, 2022167, 0802,         NOAA 20,            VIIRS,     94,         0.795
-100.770348,  29.199883, 2022167, 0802,         NOAA 20,            VIIRS,     41,         2.503
-101.923630,  34.035004, 2022167, 0802,         NOAA 20,            VIIRS,     41,         1.955
-101.924957,  34.035660, 2022167, 0802,         NOAA 20,            VIIRS,     41,         2.014
-102.917328,  33.260708, 2022167, 0802,         NOAA 20,            VIIRS,     41,         6.908
-102.917931,  33.262081, 2022167, 0802,         NOAA 20,            VIIRS,     41,         3.667
-105.485153,  35.995510, 2022167, 0802,         NOAA 20,            VIIRS,     22,         2.242
-105.481552,  35.995331, 2022167, 0802,         NOAA 20,            VIIRS,     22,         1.403
-105.477692,  35.995132, 2022167, 0802,         NOAA 20,            VIIRS,     22,         1.403
-105.481079,  35.989529, 2022167, 0802,         NOAA 20,            VIIRS,     22,         1.403
-105.486633,  35.994659, 2022167, 0802,         NOAA 20,            VIIRS,     22,         1.610
-105.483017,  35.994465, 2022167, 0802,         NOAA 20,            VIIRS,     22,         1.610
-105.479179,  35.994251, 2022167, 0802,         NOAA 20,            VIIRS,     22,         1.937
-105.475311,  35.994034, 2022167, 0802,         NOAA 20,            VIIRS,     22,         1.937
-105.510696,  35.955498, 2022167, 0802,         NOAA 20,            VIIRS,     22,         4.386
-105.501183,  35.954990, 2022167, 0802,         NOAA 20,            VIIRS,     22,         1.027
-105.528450,  35.950645, 2022167, 0802,         NOAA 20,            VIIRS,     22,         2.016
-105.522629,  35.950340, 2022167, 0802,         NOAA 20,            VIIRS,     22,         1.121
-105.517143,  35.950050, 2022167, 0802,         NOAA 20,            VIIRS,     22,         1.121
-105.560043,  35.929100, 2022167, 0802,         NOAA 20,            VIIRS,     22,         7.964
-105.571777,  35.923897, 2022167, 0802,         NOAA 20,            VIIRS,     22,        14.692
-105.566002,  35.923607, 2022167, 0802,         NOAA 20,            VIIRS,     22,        14.692
-105.578308,  35.918423, 2022167, 0802,         NOAA 20,            VIIRS,     22,        14.996
-105.572571,  35.918133, 2022167, 0802,         NOAA 20,            VIIRS,     22,        25.550
-105.584846,  35.912941, 2022167, 0802,         NOAA 20,            VIIRS,     22,        14.996
-105.578773,  35.912636, 2022167, 0802,         NOAA 20,            VIIRS,     22,        14.996
-105.584686,  35.907127, 2022167, 0802,         NOAA 20,            VIIRS,     22,        11.399
-105.578773,  35.906834, 2022167, 0802,         NOAA 20,            VIIRS,     22,        11.399
-105.584610,  35.901318, 2022167, 0802,         NOAA 20,            VIIRS,     22,        11.399
-105.592049,  35.878452, 2022167, 0802,         NOAA 20,            VIIRS,     22,         1.731
-105.592590,  35.872673, 2022167, 0802,         NOAA 20,            VIIRS,     22,         0.964
-105.593948,  35.878170, 2022167, 0802,         NOAA 20,            VIIRS,     22,         1.753
-105.594254,  35.872375, 2022167, 0802,         NOAA 20,            VIIRS,     22,         0.842
-105.517143,  35.874840, 2022167, 0802,         NOAA 20,            VIIRS,     22,         1.091
-105.518463,  35.874065, 2022167, 0802,         NOAA 20,            VIIRS,     22,         0.967
-105.514633,  35.873856, 2022167, 0802,         NOAA 20,            VIIRS,     22,         0.967
-105.581261,  35.831059, 2022167, 0802,         NOAA 20,            VIIRS,     22,         4.187
-105.574860,  35.830727, 2022167, 0802,         NOAA 20,            VIIRS,     22,         4.198
-105.575897,  35.824986, 2022167, 0802,         NOAA 20,            VIIRS,     22,         9.198
-105.489067,  35.774292, 2022167, 0802,         NOAA 20,            VIIRS,     22,         1.155
-105.488037,  35.768475, 2022167, 0802,         NOAA 20,            VIIRS,     22,         1.155
-105.488708,  35.773182, 2022167, 0802,         NOAA 20,            VIIRS,     22,         2.071
-105.508530,  35.768505, 2022167, 0802,         NOAA 20,            VIIRS,     22,         1.135
-105.581291,  35.825256, 2022167, 0802,         NOAA 20,            VIIRS,     22,         8.806
-107.661659,  36.187096, 2022167, 0802,         NOAA 20,            VIIRS,     51,         1.766
-107.661423,  36.186687, 2022167, 0802,         NOAA 20,            VIIRS,     51,         1.321
-107.741074,  33.032547, 2022167, 0802,         NOAA 20,            VIIRS,     22,         4.043
-107.748383,  33.032841, 2022167, 0802,         NOAA 20,            VIIRS,     22,         2.862
-107.741127,  33.030247, 2022167, 0802,         NOAA 20,            VIIRS,     22,         5.083
-107.755768,  33.011791, 2022167, 0802,         NOAA 20,            VIIRS,     22,         2.022
-107.750511,  33.011547, 2022167, 0802,         NOAA 20,            VIIRS,     22,         2.022
-107.801224,  33.060566, 2022167, 0802,         NOAA 20,            VIIRS,     47,         0.986
-107.790993,  33.060143, 2022167, 0802,         NOAA 20,            VIIRS,     47,         0.194
-107.807182,  33.054417, 2022167, 0802,         NOAA 20,            VIIRS,     47,         1.701
-107.802032,  33.054203, 2022167, 0802,         NOAA 20,            VIIRS,     47,         1.368
-107.799042,  33.047680, 2022167, 0802,         NOAA 20,            VIIRS,     47,         1.368
-107.794151,  33.047474, 2022167, 0802,         NOAA 20,            VIIRS,     47,         1.823
-107.816010,  33.041973, 2022167, 0802,         NOAA 20,            VIIRS,     22,         2.887
-107.811096,  33.041771, 2022167, 0802,         NOAA 20,            VIIRS,     22,         2.887
-107.805779,  33.041553, 2022167, 0802,         NOAA 20,            VIIRS,     47,         3.820
-107.800697,  33.041344, 2022167, 0802,         NOAA 20,            VIIRS,     47,         3.820
-107.795509,  33.041134, 2022167, 0802,         NOAA 20,            VIIRS,     47,         4.823
-107.801552,  33.034977, 2022167, 0802,         NOAA 20,            VIIRS,     47,         3.820
-107.812149,  33.035408, 2022167, 0802,         NOAA 20,            VIIRS,     22,         2.887
-107.806931,  33.035198, 2022167, 0802,         NOAA 20,            VIIRS,     47,         3.820
-107.795624,  33.034740, 2022167, 0802,         NOAA 20,            VIIRS,     47,         4.823
-107.801697,  33.058640, 2022167, 0802,         NOAA 20,            VIIRS,     47,         1.431
-107.791748,  33.058167, 2022167, 0802,         NOAA 20,            VIIRS,     47,         1.155
-107.793137,  33.051838, 2022167, 0802,         NOAA 20,            VIIRS,     47,         1.323
-107.814987,  33.046463, 2022167, 0802,         NOAA 20,            VIIRS,     22,         2.677
-107.809929,  33.046227, 2022167, 0802,         NOAA 20,            VIIRS,     47,         3.655
-107.799850,  33.045753, 2022167, 0802,         NOAA 20,            VIIRS,     47,         1.323
-107.794930,  33.045525, 2022167, 0802,         NOAA 20,            VIIRS,     47,         1.323
-107.816612,  33.040138, 2022167, 0802,         NOAA 20,            VIIRS,     22,         5.012
-107.811951,  33.039921, 2022167, 0802,         NOAA 20,            VIIRS,     22,         3.342
-107.806671,  33.039673, 2022167, 0802,         NOAA 20,            VIIRS,     47,         3.342
-107.801453,  33.039433, 2022167, 0802,         NOAA 20,            VIIRS,     47,         3.857
-107.796158,  33.039185, 2022167, 0802,         NOAA 20,            VIIRS,     47,         3.857
-107.801598,  33.033043, 2022167, 0802,         NOAA 20,            VIIRS,     47,         3.857
-107.812202,  33.033531, 2022167, 0802,         NOAA 20,            VIIRS,     22,         3.342
-107.795418,  33.032757, 2022167, 0802,         NOAA 20,            VIIRS,     47,         3.857
-107.816887,  33.035603, 2022167, 0802,         NOAA 20,            VIIRS,     22,         2.887
-107.844391,  33.094440, 2022167, 0802,         NOAA 20,            VIIRS,     22,         1.588
-107.839333,  33.094223, 2022167, 0802,         NOAA 20,            VIIRS,     22,         2.614
-107.829750,  33.093807, 2022167, 0802,         NOAA 20,            VIIRS,     22,         1.368
-107.824982,  33.093597, 2022167, 0802,         NOAA 20,            VIIRS,     22,         1.368
-107.803291,  32.981953, 2022167, 0802,         NOAA 20,            VIIRS,     22,         3.558
-107.809067,  32.982201, 2022167, 0802,         NOAA 20,            VIIRS,     22,         3.558
-107.802490,  32.975525, 2022167, 0802,         NOAA 20,            VIIRS,     22,         3.298
-107.795692,  32.975231, 2022167, 0802,         NOAA 20,            VIIRS,     22,         2.726
-107.802040,  32.969116, 2022167, 0802,         NOAA 20,            VIIRS,     22,         3.298
-107.794792,  32.968807, 2022167, 0802,         NOAA 20,            VIIRS,     22,         2.726
-107.788277,  32.968529, 2022167, 0802,         NOAA 20,            VIIRS,     22,         2.726
-107.781532,  32.968239, 2022167, 0802,         NOAA 20,            VIIRS,     22,         0.994
-107.794678,  32.962410, 2022167, 0802,         NOAA 20,            VIIRS,     22,         7.123
-107.801727,  32.956314, 2022167, 0802,         NOAA 20,            VIIRS,     22,         5.923
-107.793503,  32.955975, 2022167, 0802,         NOAA 20,            VIIRS,     22,         7.123
-107.813820,  32.956825, 2022167, 0802,         NOAA 20,            VIIRS,     22,         3.791
-107.808090,  32.956581, 2022167, 0802,         NOAA 20,            VIIRS,     22,         5.923
-107.784927,  32.955620, 2022167, 0802,         NOAA 20,            VIIRS,     22,         7.123
-107.794823,  32.949635, 2022167, 0802,         NOAA 20,            VIIRS,     22,         2.191
-107.787003,  32.949314, 2022167, 0802,         NOAA 20,            VIIRS,     22,         2.191
-107.803490,  32.973518, 2022167, 0802,         NOAA 20,            VIIRS,     22,         2.801
-107.796288,  32.973164, 2022167, 0802,         NOAA 20,            VIIRS,     22,         2.801
-107.795837,  32.966751, 2022167, 0802,         NOAA 20,            VIIRS,     22,         2.801
-107.788971,  32.966415, 2022167, 0802,         NOAA 20,            VIIRS,     22,         2.860
-107.781807,  32.966068, 2022167, 0802,         NOAA 20,            VIIRS,     22,         2.860
-107.795433,  32.960342, 2022167, 0802,         NOAA 20,            VIIRS,     22,         5.658
-107.802040,  32.960659, 2022167, 0802,         NOAA 20,            VIIRS,     22,         5.658
-107.787498,  32.959957, 2022167, 0802,         NOAA 20,            VIIRS,     22,         6.092
-107.803490,  32.954334, 2022167, 0802,         NOAA 20,            VIIRS,     22,         5.658
-107.794746,  32.953915, 2022167, 0802,         NOAA 20,            VIIRS,     22,         5.658
-107.786079,  32.953503, 2022167, 0802,         NOAA 20,            VIIRS,     22,         6.092
-107.809258,  32.954609, 2022167, 0802,         NOAA 20,            VIIRS,     22,         5.198
-107.779251,  32.953178, 2022167, 0802,         NOAA 20,            VIIRS,     22,         6.092
-107.817886,  32.982590, 2022167, 0802,         NOAA 20,            VIIRS,     22,         7.206
-107.813904,  32.982418, 2022167, 0802,         NOAA 20,            VIIRS,     22,         7.206
-107.835869,  32.983364, 2022167, 0802,         NOAA 20,            VIIRS,     22,         1.312
-107.822510,  32.982792, 2022167, 0802,         NOAA 20,            VIIRS,     22,         3.615
-107.835777,  32.976959, 2022167, 0802,         NOAA 20,            VIIRS,     22,         2.078
-107.818169,  32.976204, 2022167, 0802,         NOAA 20,            VIIRS,     22,         0.963
-107.819687,  32.957069, 2022167, 0802,         NOAA 20,            VIIRS,     22,         3.791
-107.833122,  32.957630, 2022167, 0802,         NOAA 20,            VIIRS,     22,         2.267
-107.826950,  32.957371, 2022167, 0802,         NOAA 20,            VIIRS,     22,         2.267
-107.834427,  32.951275, 2022167, 0802,         NOAA 20,            VIIRS,     22,         8.584
-107.828812,  32.951042, 2022167, 0802,         NOAA 20,            VIIRS,     22,         8.584
-107.836990,  32.975147, 2022167, 0802,         NOAA 20,            VIIRS,     22,         0.398
-107.828583,  32.955532, 2022167, 0802,         NOAA 20,            VIIRS,     22,         6.612
-107.821213,  32.955181, 2022167, 0802,         NOAA 20,            VIIRS,     22,         6.612
-107.814987,  32.954884, 2022167, 0802,         NOAA 20,            VIIRS,     22,         5.198
-107.834251,  32.955803, 2022167, 0802,         NOAA 20,            VIIRS,     22,         3.990
-107.835541,  32.949459, 2022167, 0802,         NOAA 20,            VIIRS,     22,         5.582
-107.830063,  32.949200, 2022167, 0802,         NOAA 20,            VIIRS,     22,         6.570
-107.823776,  32.948902, 2022167, 0802,         NOAA 20,            VIIRS,     22,         6.570
-107.815628,  32.950497, 2022167, 0802,         NOAA 20,            VIIRS,     22,         4.150
-107.865288,  32.965374, 2022167, 0802,         NOAA 20,            VIIRS,     22,         3.339
-107.854301,  32.958504, 2022167, 0802,         NOAA 20,            VIIRS,     22,         1.824
-107.855690,  32.952148, 2022167, 0802,         NOAA 20,            VIIRS,     22,         4.060
-107.840057,  32.951511, 2022167, 0802,         NOAA 20,            VIIRS,     22,         7.045
-107.848618,  32.945450, 2022167, 0802,         NOAA 20,            VIIRS,     22,         7.045
-107.841583,  32.945160, 2022167, 0802,         NOAA 20,            VIIRS,     22,         7.045
-107.835648,  32.944923, 2022167, 0802,         NOAA 20,            VIIRS,     22,         8.584
-107.857277,  32.945797, 2022167, 0802,         NOAA 20,            VIIRS,     22,         4.060
-107.866676,  32.963757, 2022167, 0802,         NOAA 20,            VIIRS,     22,         2.543
-107.857269,  32.950481, 2022167, 0802,         NOAA 20,            VIIRS,     22,         4.599
-107.848373,  32.950062, 2022167, 0802,         NOAA 20,            VIIRS,     22,         4.599
-107.841362,  32.949734, 2022167, 0802,         NOAA 20,            VIIRS,     22,         5.582
-107.850159,  32.943737, 2022167, 0802,         NOAA 20,            VIIRS,     22,         4.599
-107.842781,  32.943394, 2022167, 0802,         NOAA 20,            VIIRS,     22,         5.582
-107.836700,  32.943108, 2022167, 0802,         NOAA 20,            VIIRS,     22,         5.582
-107.905502,  32.979904, 2022167, 0802,         NOAA 20,            VIIRS,     22,         3.241
-107.913681,  32.973812, 2022167, 0802,         NOAA 20,            VIIRS,     22,         3.241
-107.887268,  32.966290, 2022167, 0802,         NOAA 20,            VIIRS,     22,         1.754
-107.879440,  32.965965, 2022167, 0802,         NOAA 20,            VIIRS,     22,         1.754
-107.906639,  32.978508, 2022167, 0802,         NOAA 20,            VIIRS,     22,         5.259
-107.914909,  32.972473, 2022167, 0802,         NOAA 20,            VIIRS,     22,         5.363
-107.888763,  32.964802, 2022167, 0802,         NOAA 20,            VIIRS,     22,         1.228
-107.881203,  32.964443, 2022167, 0802,         NOAA 20,            VIIRS,     22,         2.998
-107.932770,  32.993927, 2022167, 0802,         NOAA 20,            VIIRS,     22,         1.283
-107.940292,  32.987801, 2022167, 0802,         NOAA 20,            VIIRS,     22,         1.283
-107.933609,  32.987518, 2022167, 0802,         NOAA 20,            VIIRS,     22,         1.283
-107.926727,  32.987232, 2022167, 0802,         NOAA 20,            VIIRS,     22,         2.817
-107.940613,  32.981377, 2022167, 0802,         NOAA 20,            VIIRS,     22,         7.470
-107.927856,  32.980839, 2022167, 0802,         NOAA 20,            VIIRS,     22,         3.777
-107.920082,  32.980515, 2022167, 0802,         NOAA 20,            VIIRS,     22,         3.777
-107.912758,  32.980209, 2022167, 0802,         NOAA 20,            VIIRS,     22,         3.241
-107.920967,  32.974117, 2022167, 0802,         NOAA 20,            VIIRS,     22,         3.777
-107.928596,  32.974430, 2022167, 0802,         NOAA 20,            VIIRS,     22,         3.777
-107.921371,  32.979218, 2022167, 0802,         NOAA 20,            VIIRS,     22,         5.363
-107.941566,  32.980183, 2022167, 0802,         NOAA 20,            VIIRS,     22,         3.220
-107.935341,  32.979885, 2022167, 0802,         NOAA 20,            VIIRS,     22,         4.290
-107.929138,  32.979588, 2022167, 0802,         NOAA 20,            VIIRS,     22,         4.290
-107.913933,  32.978863, 2022167, 0802,         NOAA 20,            VIIRS,     22,         5.363
-109.319061,  31.793400, 2022167, 0802,         NOAA 20,            VIIRS,     22,         3.182
-109.319473,  31.792530, 2022167, 0802,         NOAA 20,            VIIRS,     22,         1.547
-109.369957,  33.661522, 2022167, 0802,         NOAA 20,            VIIRS,     47,        19.088
-109.378677,  33.654808, 2022167, 0802,         NOAA 20,            VIIRS,     47,         8.219
-109.380058,  33.647884, 2022167, 0802,         NOAA 20,            VIIRS,     47,         8.219
-109.387413,  33.641129, 2022167, 0802,         NOAA 20,            VIIRS,     47,        14.259
-109.379547,  33.640919, 2022167, 0802,         NOAA 20,            VIIRS,     47,        14.259
-109.371788,  33.640709, 2022167, 0802,         NOAA 20,            VIIRS,     47,        15.820
-109.378769,  33.633945, 2022167, 0802,         NOAA 20,            VIIRS,     47,        14.259
-109.386551,  33.634151, 2022167, 0802,         NOAA 20,            VIIRS,     47,        14.259
-109.371620,  33.633751, 2022167, 0802,         NOAA 20,            VIIRS,     47,        15.820
-109.385963,  33.627174, 2022167, 0802,         NOAA 20,            VIIRS,     47,        23.900
-109.378479,  33.626980, 2022167, 0802,         NOAA 20,            VIIRS,     47,        23.900
-109.393578,  33.627377, 2022167, 0802,         NOAA 20,            VIIRS,     47,         9.468
-109.371368,  33.626793, 2022167, 0802,         NOAA 20,            VIIRS,     47,        24.215
-109.393173,  33.620407, 2022167, 0802,         NOAA 20,            VIIRS,     22,         9.468
-109.385536,  33.620213, 2022167, 0802,         NOAA 20,            VIIRS,     47,        23.900
-109.378563,  33.620029, 2022167, 0802,         NOAA 20,            VIIRS,     47,        23.900
-109.369522,  33.662182, 2022167, 0802,         NOAA 20,            VIIRS,     47,        12.690
-109.378304,  33.655521, 2022167, 0802,         NOAA 20,            VIIRS,     47,        12.690
-109.368797,  33.655209, 2022167, 0802,         NOAA 20,            VIIRS,     47,        12.690
-109.379440,  33.648602, 2022167, 0802,         NOAA 20,            VIIRS,     47,         9.566
-109.370537,  33.648308, 2022167, 0802,         NOAA 20,            VIIRS,     47,         9.566
-109.379272,  33.641644, 2022167, 0802,         NOAA 20,            VIIRS,     47,         9.566
-109.371269,  33.641384, 2022167, 0802,         NOAA 20,            VIIRS,     47,         9.566
-109.387108,  33.641899, 2022167, 0802,         NOAA 20,            VIIRS,     47,         4.070
-109.378372,  33.634659, 2022167, 0802,         NOAA 20,            VIIRS,     47,        24.493
-109.386147,  33.634907, 2022167, 0802,         NOAA 20,            VIIRS,     47,        17.778
-109.371117,  33.634426, 2022167, 0802,         NOAA 20,            VIIRS,     47,        24.493
-109.385529,  33.627930, 2022167, 0802,         NOAA 20,            VIIRS,     47,        17.778
-109.378014,  33.627697, 2022167, 0802,         NOAA 20,            VIIRS,     47,        24.493
-109.370903,  33.627468, 2022167, 0802,         NOAA 20,            VIIRS,     47,        24.493
-109.392616,  33.621197, 2022167, 0802,         NOAA 20,            VIIRS,     22,        12.217
-109.385063,  33.620960, 2022167, 0802,         NOAA 20,            VIIRS,     47,        12.217
-109.378113,  33.620743, 2022167, 0802,         NOAA 20,            VIIRS,     47,        13.687
-109.385483,  33.614017, 2022167, 0802,         NOAA 20,            VIIRS,     47,        12.217
-109.379402,  33.661781, 2022167, 0802,         NOAA 20,            VIIRS,     47,        16.832
-109.393929,  33.662189, 2022167, 0802,         NOAA 20,            VIIRS,     22,         5.555
-109.387810,  33.662018, 2022167, 0802,         NOAA 20,            VIIRS,     47,        16.832
-109.394524,  33.655243, 2022167, 0802,         NOAA 20,            VIIRS,     22,         4.768
-109.387871,  33.655056, 2022167, 0802,         NOAA 20,            VIIRS,     47,         8.219
-109.402641,  33.655464, 2022167, 0802,         NOAA 20,            VIIRS,     22,         4.768
-109.403038,  33.648510, 2022167, 0802,         NOAA 20,            VIIRS,     22,         4.768
-109.394981,  33.648293, 2022167, 0802,         NOAA 20,            VIIRS,     22,         4.768
-109.388031,  33.648106, 2022167, 0802,         NOAA 20,            VIIRS,     47,         8.219
-109.394836,  33.641323, 2022167, 0802,         NOAA 20,            VIIRS,     22,         3.584
-109.401917,  33.620625, 2022167, 0802,         NOAA 20,            VIIRS,     22,         9.468
-109.379028,  33.662498, 2022167, 0802,         NOAA 20,            VIIRS,     47,        12.690
-109.393677,  33.662991, 2022167, 0802,         NOAA 20,            VIIRS,     22,         8.211
-109.387672,  33.662792, 2022167, 0802,         NOAA 20,            VIIRS,     47,         8.211
-109.394142,  33.656044, 2022167, 0802,         NOAA 20,            VIIRS,     22,         8.211
-109.387558,  33.655830, 2022167, 0802,         NOAA 20,            VIIRS,     47,         8.211
-109.402573,  33.649357, 2022167, 0802,         NOAA 20,            VIIRS,     22,         4.601
-109.394569,  33.649097, 2022167, 0802,         NOAA 20,            VIIRS,     22,         4.070
-109.387657,  33.648872, 2022167, 0802,         NOAA 20,            VIIRS,     47,         4.070
-109.394447,  33.642136, 2022167, 0802,         NOAA 20,            VIIRS,     22,         4.070
-109.393501,  33.613457, 2022167, 0802,         NOAA 20,            VIIRS,     22,         1.710
-109.392929,  33.614246, 2022167, 0802,         NOAA 20,            VIIRS,     22,        12.217
-109.378143,  33.668705, 2022167, 0802,         NOAA 20,            VIIRS,     47,        16.832
-109.368202,  33.668427, 2022167, 0802,         NOAA 20,            VIIRS,     47,        19.088
 -82.164795,  41.306393, 2022167, 0704,       SUOMI NPP,            VIIRS,     55,         0.884
 -79.428215,  39.929348, 2022167, 0710,       SUOMI NPP,            VIIRS,     25,         0.407
 -81.027206,  38.310314, 2022167, 0710,       SUOMI NPP,            VIIRS,     25,         0.607
 -81.607254,  35.269966, 2022167, 0710,       SUOMI NPP,            VIIRS,     57,         0.817
 -82.028473,  31.578909, 2022167, 0710,       SUOMI NPP,            VIIRS,     94,         0.403
 -82.024422,  31.578293, 2022167, 0710,       SUOMI NPP,            VIIRS,     94,         0.559
 -82.020378,  31.577675, 2022167, 0710,       SUOMI NPP,            VIIRS,     94,         0.559
 -82.067581,  31.591688, 2022167, 0710,       SUOMI NPP,            VIIRS,     94,         0.571
 -82.068268,  31.588383, 2022167, 0710,       SUOMI NPP,            VIIRS,     94,         0.571
 -82.975937,  31.894293, 2022167, 0710,       SUOMI NPP,            VIIRS,     94,         0.983
 -82.971748,  31.893692, 2022167, 0710,       SUOMI NPP,            VIIRS,     94,         0.796
 -82.976608,  31.890932, 2022167, 0710,       SUOMI NPP,            VIIRS,     94,         0.983
 -82.972412,  31.890331, 2022167, 0710,       SUOMI NPP,            VIIRS,     94,         0.796
 -82.974937,  31.889904, 2022167, 0710,       SUOMI NPP,            VIIRS,     94,         0.499
 -84.907906,  35.918652, 2022167, 0710,       SUOMI NPP,            VIIRS,     24,         0.463
 -84.908928,  35.918694, 2022167, 0710,       SUOMI NPP,            VIIRS,     24,         0.906
 -88.743729,  33.510532, 2022167, 0710,       SUOMI NPP,            VIIRS,     31,         0.736
 -90.000549,  30.574842, 2022167, 0710,       SUOMI NPP,            VIIRS,     27,         1.181
 -89.996552,  30.573235, 2022167, 0710,       SUOMI NPP,            VIIRS,     27,         1.371
 -65.902977,  56.782314, 2022167, 0519,       SUOMI NPP,            VIIRS,      9,         1.445
 -65.908958,  56.781792, 2022167, 0519,       SUOMI NPP,            VIIRS,      9,         1.706
 -68.190872,  57.867809, 2022167, 0704,       SUOMI NPP,            VIIRS,     17,         1.467
 -68.184410,  57.866619, 2022167, 0704,       SUOMI NPP,            VIIRS,     17,         0.931
 -68.186508,  57.863396, 2022167, 0704,       SUOMI NPP,            VIIRS,     17,         0.931
 -68.197136,  57.858116, 2022167, 0704,       SUOMI NPP,            VIIRS,     17,         1.053
 -68.184204,  57.855740, 2022167, 0704,       SUOMI NPP,            VIIRS,     17,         1.048
 -68.186287,  57.852516, 2022167, 0704,       SUOMI NPP,            VIIRS,     17,         2.779
 -65.908440,  56.786747, 2022167, 0704,       SUOMI NPP,            VIIRS,      9,         5.129
 -65.901405,  56.785282, 2022167, 0704,       SUOMI NPP,            VIIRS,      9,         2.814
 -65.910789,  56.783356, 2022167, 0704,       SUOMI NPP,            VIIRS,      9,         5.129
 -65.903755,  56.781895, 2022167, 0704,       SUOMI NPP,            VIIRS,      9,         2.814
 -74.339493,  55.199535, 2022167, 0704,       SUOMI NPP,            VIIRS,     44,         1.819
 -74.377472,  55.201424, 2022167, 0704,       SUOMI NPP,            VIIRS,     44,         3.334
 -74.347008,  55.197109, 2022167, 0704,       SUOMI NPP,            VIIRS,      9,         1.394
 -74.334824,  55.195381, 2022167, 0704,       SUOMI NPP,            VIIRS,     44,         1.288
 -74.378906,  55.198132, 2022167, 0704,       SUOMI NPP,            VIIRS,      9,         3.334
 -74.372810,  55.197269, 2022167, 0704,       SUOMI NPP,            VIIRS,      9,         2.699
 -74.360626,  55.195545, 2022167, 0704,       SUOMI NPP,            VIIRS,     44,         1.165
 -74.354530,  55.194679, 2022167, 0704,       SUOMI NPP,            VIIRS,     44,         1.165
 -74.355949,  55.191391, 2022167, 0704,       SUOMI NPP,            VIIRS,     44,         1.736
 -74.331604,  55.187939, 2022167, 0704,       SUOMI NPP,            VIIRS,     44,         0.680
 -74.363472,  55.188965, 2022167, 0704,       SUOMI NPP,            VIIRS,     44,         1.736
 -74.387978,  55.191597, 2022167, 0704,       SUOMI NPP,            VIIRS,      9,         0.878
 -74.395477,  55.189167, 2022167, 0704,       SUOMI NPP,            VIIRS,     44,         0.878
 -74.389397,  55.188301, 2022167, 0704,       SUOMI NPP,            VIIRS,     44,         0.878
 -74.396904,  55.185879, 2022167, 0704,       SUOMI NPP,            VIIRS,     44,         3.350
 -74.336014,  55.177177, 2022167, 0704,       SUOMI NPP,            VIIRS,     44,         0.851
 -74.471489,  55.192989, 2022167, 0704,       SUOMI NPP,            VIIRS,     17,         1.009
 -74.398346,  55.182587, 2022167, 0704,       SUOMI NPP,            VIIRS,     44,         3.350
 -74.381500,  55.176693, 2022167, 0704,       SUOMI NPP,            VIIRS,      9,         1.556
 -74.474327,  55.186401, 2022167, 0704,       SUOMI NPP,            VIIRS,     17,         0.651
 -74.389023,  55.174267, 2022167, 0704,       SUOMI NPP,            VIIRS,      9,         1.556
 -74.378288,  55.169243, 2022167, 0704,       SUOMI NPP,            VIIRS,      9,         2.676
 -74.475754,  55.183102, 2022167, 0704,       SUOMI NPP,            VIIRS,     17,         1.209
 -74.414818,  55.174450, 2022167, 0704,       SUOMI NPP,            VIIRS,     44,         1.401
 -74.402634,  55.172714, 2022167, 0704,       SUOMI NPP,            VIIRS,     44,         0.870
 -74.396553,  55.171848, 2022167, 0704,       SUOMI NPP,            VIIRS,     44,         0.870
 -74.477173,  55.179810, 2022167, 0704,       SUOMI NPP,            VIIRS,     44,         1.209
 -74.452797,  55.176350, 2022167, 0704,       SUOMI NPP,            VIIRS,     44,         0.666
 -74.478607,  55.176514, 2022167, 0704,       SUOMI NPP,            VIIRS,     44,         1.158
 -74.466415,  55.174786, 2022167, 0704,       SUOMI NPP,            VIIRS,     44,         1.312
 -74.460335,  55.173923, 2022167, 0704,       SUOMI NPP,            VIIRS,     44,         1.312
 -74.454224,  55.173058, 2022167, 0704,       SUOMI NPP,            VIIRS,     44,         1.751
 -74.493622,  55.171646, 2022167, 0704,       SUOMI NPP,            VIIRS,      9,         1.437
 -74.487526,  55.170784, 2022167, 0704,       SUOMI NPP,            VIIRS,      9,         1.437
 -74.488953,  55.167484, 2022167, 0704,       SUOMI NPP,            VIIRS,      9,         1.437
 -74.370056,  55.143616, 2022167, 0704,       SUOMI NPP,            VIIRS,     44,         1.505
 -74.450577,  55.151566, 2022167, 0704,       SUOMI NPP,            VIIRS,     44,         5.568
 -74.452003,  55.148273, 2022167, 0704,       SUOMI NPP,            VIIRS,     44,         5.568
 -74.427650,  55.144821, 2022167, 0704,       SUOMI NPP,            VIIRS,     44,         1.250
 -74.422989,  55.140663, 2022167, 0704,       SUOMI NPP,            VIIRS,     44,         2.070
 -74.362167,  55.132011, 2022167, 0704,       SUOMI NPP,            VIIRS,     44,         0.991
 -74.424416,  55.137371, 2022167, 0704,       SUOMI NPP,            VIIRS,     44,         2.070
 -74.485336,  55.145996, 2022167, 0704,       SUOMI NPP,            VIIRS,     44,         1.435
 -74.418335,  55.136509, 2022167, 0704,       SUOMI NPP,            VIIRS,     44,         1.046
 -74.369675,  55.129593, 2022167, 0704,       SUOMI NPP,            VIIRS,     44,         0.991
 -74.425842,  55.134079, 2022167, 0704,       SUOMI NPP,            VIIRS,     44,         7.437
 -74.482674,  55.107174, 2022167, 0704,       SUOMI NPP,            VIIRS,     44,         0.544
 -92.560562,  43.039360, 2022167, 0704,       SUOMI NPP,            VIIRS,     30,         0.268
 -94.613228,  42.405476, 2022167, 0704,       SUOMI NPP,            VIIRS,     35,         0.524
 -80.827766,  39.553009, 2022167, 0710,       SUOMI NPP,            VIIRS,     25,         1.050
 -80.823135,  39.552353, 2022167, 0710,       SUOMI NPP,            VIIRS,     25,         0.752
 -81.778053,  38.614525, 2022167, 0710,       SUOMI NPP,            VIIRS,     25,         3.353
 -81.778824,  38.611118, 2022167, 0710,       SUOMI NPP,            VIIRS,     25,         2.839
 -80.213707,  37.287720, 2022167, 0710,       SUOMI NPP,            VIIRS,     24,         1.349
 -89.225540,  37.763973, 2022167, 0710,       SUOMI NPP,            VIIRS,     57,         1.768
 -81.084488,  36.470013, 2022167, 0710,       SUOMI NPP,            VIIRS,     24,         0.629
 -89.719162,  36.072784, 2022167, 0710,       SUOMI NPP,            VIIRS,     57,         1.626
 -89.718300,  36.071270, 2022167, 0710,       SUOMI NPP,            VIIRS,     57,         0.873
 -89.670921,  35.958733, 2022167, 0710,       SUOMI NPP,            VIIRS,     57,         1.978
 -89.671234,  35.956478, 2022167, 0710,       SUOMI NPP,            VIIRS,     57,         1.153
 -89.664597,  35.955948, 2022167, 0710,       SUOMI NPP,            VIIRS,     57,         1.153
 -87.511551,  34.906311, 2022167, 0710,       SUOMI NPP,            VIIRS,     57,         0.588
 -83.122757,  34.173244, 2022167, 0710,       SUOMI NPP,            VIIRS,     27,         1.549
 -80.594040,  33.369663, 2022167, 0710,       SUOMI NPP,            VIIRS,     31,         0.842
 -97.110344,  33.900620, 2022167, 0710,       SUOMI NPP,            VIIRS,     91,         1.334
 -89.250999,  33.409393, 2022167, 0710,       SUOMI NPP,            VIIRS,     26,         3.646
 -91.307877,  31.553619, 2022167, 0710,       SUOMI NPP,            VIIRS,     27,         0.192
 -92.956085,  31.587671, 2022167, 0710,       SUOMI NPP,            VIIRS,     31,         0.835
 -94.304459,  30.434076, 2022167, 0710,       SUOMI NPP,            VIIRS,     27,         1.070
 -82.164146,  21.547014, 2022167, 0710,       SUOMI NPP,            VIIRS,     13,         1.907
 -82.164803,  21.543615, 2022167, 0710,       SUOMI NPP,            VIIRS,     13,         1.907
 -87.801285,  21.349180, 2022167, 0710,       SUOMI NPP,            VIIRS,     33,         0.922
 -89.448456,  19.596958, 2022167, 0715,       SUOMI NPP,            VIIRS,     92,         0.796
 -89.206642,  19.314465, 2022167, 0715,       SUOMI NPP,            VIIRS,     29,         0.915
 -90.186295,  19.168432, 2022167, 0715,       SUOMI NPP,            VIIRS,     34,         1.033
 -90.182472,  19.167938, 2022167, 0715,       SUOMI NPP,            VIIRS,     34,         1.033
 -88.319679,  18.293652, 2022167, 0715,       SUOMI NPP,            VIIRS,     33,         3.555
 -88.315231,  18.293047, 2022167, 0715,       SUOMI NPP,            VIIRS,     33,         3.555
 -88.317856,  18.293251, 2022167, 0715,       SUOMI NPP,            VIIRS,     33,         7.400
 -88.903542,  18.056919, 2022167, 0715,       SUOMI NPP,            VIIRS,     33,         0.695
 -90.284027,  18.161823, 2022167, 0715,       SUOMI NPP,            VIIRS,     29,         0.410
 -97.645782,  18.921846, 2022167, 0715,       SUOMI NPP,            VIIRS,     47,         8.134
 -97.639656,  18.921329, 2022167, 0715,       SUOMI NPP,            VIIRS,     47,         4.873
 -97.646042,  18.923576, 2022167, 0715,       SUOMI NPP,            VIIRS,     47,         6.197
 -97.646866,  18.916992, 2022167, 0715,       SUOMI NPP,            VIIRS,     47,         5.714
 -93.278732,  17.945280, 2022167, 0715,       SUOMI NPP,            VIIRS,     92,         0.680
 -75.536667,  20.539227, 2022167, 0621,         NOAA 20,            VIIRS,     24,         1.568
 -75.537025,  20.535534, 2022167, 0621,         NOAA 20,            VIIRS,     24,         1.568
 -75.538986,  20.540026, 2022167, 0621,         NOAA 20,            VIIRS,     24,         1.186
 -75.534683,  20.539434, 2022167, 0621,         NOAA 20,            VIIRS,     24,         1.186
 -75.535065,  20.535742, 2022167, 0621,         NOAA 20,            VIIRS,     24,         1.732
 -71.012672,  19.601719, 2022167, 0621,         NOAA 20,            VIIRS,     93,         0.477
 -81.780182,  38.611946, 2022167, 0757,         NOAA 20,            VIIRS,     25,         0.714
-109.186653,  30.679178, 2022167, 0802,         NOAA 20,            VIIRS,     24,         2.567
-108.958603,  29.828915, 2022167, 0802,         NOAA 20,            VIIRS,     24,         3.658
-108.989487,  29.823769, 2022167, 0802,         NOAA 20,            VIIRS,     24,         3.643
-108.957497,  29.822210, 2022167, 0802,         NOAA 20,            VIIRS,     24,         2.021
-108.976501,  29.816477, 2022167, 0802,         NOAA 20,            VIIRS,     24,         4.037
-108.963821,  29.815866, 2022167, 0802,         NOAA 20,            VIIRS,     24,         2.021
-108.978912,  29.809931, 2022167, 0802,         NOAA 20,            VIIRS,     24,         4.427
-108.973022,  29.809647, 2022167, 0802,         NOAA 20,            VIIRS,     24,         4.427
-108.965630,  29.809296, 2022167, 0802,         NOAA 20,            VIIRS,     24,         1.450
-109.229973,  29.334822, 2022167, 0802,         NOAA 20,            VIIRS,     32,         8.242
-109.219948,  29.334320, 2022167, 0802,         NOAA 20,            VIIRS,     32,         7.494
-109.218201,  29.327511, 2022167, 0802,         NOAA 20,            VIIRS,     32,         4.164
-109.186188,  29.292374, 2022167, 0802,         NOAA 20,            VIIRS,     22,         2.056
-109.185959,  29.285652, 2022167, 0802,         NOAA 20,            VIIRS,     22,         1.319
-109.183891,  29.288698, 2022167, 0802,         NOAA 20,            VIIRS,     22,         3.285
-109.694763,  28.629280, 2022167, 0802,         NOAA 20,            VIIRS,     24,         7.942
-110.394028,  27.664652, 2022167, 0802,         NOAA 20,            VIIRS,     37,         1.776
-110.394180,  27.659853, 2022167, 0802,         NOAA 20,            VIIRS,     37,         2.552
-109.986504,  27.208811, 2022167, 0802,         NOAA 20,            VIIRS,     32,         2.145
-109.990196,  27.208487, 2022167, 0802,         NOAA 20,            VIIRS,     32,         1.605
-109.887383,  27.175314, 2022167, 0802,         NOAA 20,            VIIRS,     37,         3.774
-109.571259,  27.046705, 2022167, 0802,         NOAA 20,            VIIRS,     24,         1.482
-100.027771,  25.810118, 2022167, 0802,         NOAA 20,            VIIRS,     41,         2.960
-100.022842,  25.809498, 2022167, 0802,         NOAA 20,            VIIRS,     41,         2.671
-107.913452,  26.053085, 2022167, 0802,         NOAA 20,            VIIRS,     27,         3.731
-107.912987,  26.051613, 2022167, 0802,         NOAA 20,            VIIRS,     27,         4.983
-108.816139,  25.935562, 2022167, 0802,         NOAA 20,            VIIRS,     37,         1.095
-108.816727,  25.929186, 2022167, 0802,         NOAA 20,            VIIRS,     37,         1.095
 -99.404350,  24.354183, 2022167, 0802,         NOAA 20,            VIIRS,     31,         0.338
 -99.077835,  24.114517, 2022167, 0802,         NOAA 20,            VIIRS,     47,         0.555
-107.377708,  24.515203, 2022167, 0802,         NOAA 20,            VIIRS,     37,         1.174
 -99.388008,  23.284182, 2022167, 0802,         NOAA 20,            VIIRS,     47,         0.748
 -98.403961,  21.554260, 2022167, 0802,         NOAA 20,            VIIRS,     31,         0.431
 -88.628258,  18.882627, 2022167, 0802,         NOAA 20,            VIIRS,     31,         0.389
 -90.184654,  19.170767, 2022167, 0802,         NOAA 20,            VIIRS,     34,         0.812
 -90.174286,  19.135244, 2022167, 0802,         NOAA 20,            VIIRS,     34,         1.156
 -88.747322,  18.824385, 2022167, 0802,         NOAA 20,            VIIRS,     33,         3.154
 -88.744255,  18.823755, 2022167, 0802,         NOAA 20,            VIIRS,     33,         3.154
 -88.734993,  18.821856, 2022167, 0802,         NOAA 20,            VIIRS,     33,         0.814
 -88.731926,  18.821224, 2022167, 0802,         NOAA 20,            VIIRS,     33,         0.814
 -89.946068,  19.056776, 2022167, 0802,         NOAA 20,            VIIRS,     34,         0.759
 -88.318352,  18.294344, 2022167, 0802,         NOAA 20,            VIIRS,     33,         3.813
 -89.185051,  18.259241, 2022167, 0802,         NOAA 20,            VIIRS,     33,         0.610
 -88.905693,  18.056717, 2022167, 0802,         NOAA 20,            VIIRS,     33,         0.612
 -93.281715,  17.942503, 2022167, 0802,         NOAA 20,            VIIRS,     92,         0.873
-118.771309,  36.581795, 2022167, 0601,       GOES-EAST,              FDC,     22,        54.442
-111.616547,  31.927227, 2022167, 0601,       GOES-EAST,              FDC,     47,       156.766
-111.516617,  35.436127, 2022167, 0601,       GOES-EAST,              FDC,     47,       256.264
-111.518944,  28.815035, 2022167, 0621,       GOES-EAST,              FDC,     51,        45.183
-109.874840,  27.167143, 2022167, 0636,       GOES-EAST,              FDC,     37,        31.027
-111.186630,  31.360302, 2022167, 0806,       GOES-EAST,              FDC,     47,        36.923
-111.647461,  31.928854, 2022167, 1006,       GOES-EAST,              FDC,     47,       263.408
-111.633743,  31.904325, 2022167, 1006,       GOES-EAST,              FDC,     47,       203.431
-111.602722,  31.902626, 2022167, 1006,       GOES-EAST,              FDC,     47,       189.668
-114.819054,  32.638809, 2022167, 1016,       GOES-EAST,              FDC,     37,        50.260
-111.630188,  31.951700, 2022167, 1021,       GOES-EAST,              FDC,     47,       197.503
-111.661118,  31.953325, 2022167, 1020,       GOES-EAST,              FDC,     47,       193.582
-106.515327,  59.461849, 2022167, 0936,         NOAA 20,            VIIRS,     60,         1.362
-106.530586,  59.460938, 2022167, 0936,         NOAA 20,            VIIRS,     60,         0.981
-106.555023,  59.455341, 2022167, 0936,         NOAA 20,            VIIRS,     21,         1.569
-106.597183,  59.391685, 2022167, 0936,         NOAA 20,            VIIRS,     60,         0.714
-106.590637,  59.390553, 2022167, 0936,         NOAA 20,            VIIRS,     60,         1.155
-106.599297,  59.388500, 2022167, 0936,         NOAA 20,            VIIRS,     60,         0.714
-106.643578,  59.354397, 2022167, 0936,         NOAA 20,            VIIRS,     60,         0.429
-111.135406,  59.817711, 2022167, 0936,         NOAA 20,            VIIRS,     21,         2.001
-111.137154,  59.814400, 2022167, 0936,         NOAA 20,            VIIRS,     21,         0.769
-111.145973,  59.812042, 2022167, 0936,         NOAA 20,            VIIRS,     62,         0.769
-111.147713,  59.808727, 2022167, 0936,         NOAA 20,            VIIRS,     62,         2.174
-111.149452,  59.805416, 2022167, 0936,         NOAA 20,            VIIRS,     62,         2.174
-111.407730,  59.576263, 2022167, 0936,         NOAA 20,         ANALYSIS,     60,      -999.000
-118.771309,  36.581795, 2022167, 0606,       GOES-EAST,              FDC,     22,        56.993
-111.616547,  31.927227, 2022167, 0606,       GOES-EAST,              FDC,     47,       143.273
-111.516617,  35.436127, 2022167, 0606,       GOES-EAST,              FDC,     47,       260.220
-111.616547,  31.927227, 2022167, 0611,       GOES-EAST,              FDC,     47,       142.539
-111.516617,  35.436127, 2022167, 0611,       GOES-EAST,              FDC,     47,       228.267
-118.771309,  36.581795, 2022167, 0616,       GOES-EAST,              FDC,     22,        63.188
-111.616547,  31.927227, 2022167, 0616,       GOES-EAST,              FDC,     47,       106.902
-111.516617,  35.436127, 2022167, 0616,       GOES-EAST,              FDC,     47,       213.578
-118.771309,  36.581795, 2022167, 0621,       GOES-EAST,              FDC,     22,        53.973
-111.616547,  31.927227, 2022167, 0621,       GOES-EAST,              FDC,     47,       123.913
-111.516617,  35.436127, 2022167, 0621,       GOES-EAST,              FDC,     47,       256.688
-111.518936,  28.815035, 2022167, 0626,       GOES-EAST,              FDC,     51,        38.395
-111.616547,  31.927227, 2022167, 0626,       GOES-EAST,              FDC,     47,       125.627
-111.516617,  35.436127, 2022167, 0626,       GOES-EAST,              FDC,     47,       254.555
-111.518936,  28.815035, 2022167, 0631,       GOES-EAST,              FDC,     51,        35.314
-111.616547,  31.927227, 2022167, 0631,       GOES-EAST,              FDC,     47,       128.922
-111.516617,  35.436127, 2022167, 0631,       GOES-EAST,              FDC,     47,       219.048
-118.771309,  36.581795, 2022167, 0636,       GOES-EAST,              FDC,     22,        55.975
-111.616547,  31.927227, 2022167, 0636,       GOES-EAST,              FDC,     47,        94.752
-111.616547,  31.927227, 2022167, 0641,       GOES-EAST,              FDC,     47,       127.453
-111.516617,  35.436127, 2022167, 0641,       GOES-EAST,              FDC,     47,       210.121
-111.616547,  31.927227, 2022167, 0646,       GOES-EAST,              FDC,     47,       117.499
-111.516617,  35.436127, 2022167, 0646,       GOES-EAST,              FDC,     47,       206.972
-111.616547,  31.927227, 2022167, 0651,       GOES-EAST,              FDC,     47,       124.906
-111.516617,  35.436127, 2022167, 0651,       GOES-EAST,              FDC,     47,       200.733
-111.616547,  31.927227, 2022167, 0656,       GOES-EAST,              FDC,     47,       122.511
-111.616547,  31.927227, 2022167, 0701,       GOES-EAST,              FDC,     47,       114.427
-111.616547,  31.927227, 2022167, 0706,       GOES-EAST,              FDC,     47,        97.646
-118.771309,  36.581795, 2022167, 0711,       GOES-EAST,              FDC,     22,        58.568
-111.616547,  31.927227, 2022167, 0711,       GOES-EAST,              FDC,     47,        97.533
-118.771309,  36.581795, 2022167, 0716,       GOES-EAST,              FDC,     22,        52.686
-111.616547,  31.927227, 2022167, 0716,       GOES-EAST,              FDC,     47,       100.262
-111.516617,  35.436127, 2022167, 0716,       GOES-EAST,              FDC,     47,       153.515
-111.616547,  31.927227, 2022167, 0721,       GOES-EAST,              FDC,     47,        99.349
-111.616547,  31.927227, 2022167, 0726,       GOES-EAST,              FDC,     47,        93.382
-111.516617,  35.436127, 2022167, 0726,       GOES-EAST,              FDC,     47,       170.113
-111.616547,  31.927227, 2022167, 0731,       GOES-EAST,              FDC,     47,        89.573
-111.516617,  35.436127, 2022167, 0731,       GOES-EAST,              FDC,     47,       169.712
-118.771309,  36.581795, 2022167, 0736,       GOES-EAST,              FDC,     22,        53.737
-111.616547,  31.927227, 2022167, 0736,       GOES-EAST,              FDC,     47,        88.488
-111.516617,  35.436127, 2022167, 0736,       GOES-EAST,              FDC,     47,       159.736
-111.616547,  31.927227, 2022167, 0741,       GOES-EAST,              FDC,     47,        91.914
-111.516617,  35.436127, 2022167, 0741,       GOES-EAST,              FDC,     47,       198.483
-111.616547,  31.927227, 2022167, 0746,       GOES-EAST,              FDC,     47,        98.751
-111.616547,  31.927227, 2022167, 0751,       GOES-EAST,              FDC,     47,        92.037
-111.616547,  31.927227, 2022167, 0756,       GOES-EAST,              FDC,     47,        80.442
-111.616547,  31.927227, 2022167, 0801,       GOES-EAST,              FDC,     47,        84.258
-111.616547,  31.927227, 2022167, 0806,       GOES-EAST,              FDC,     47,        83.920
-111.516617,  35.436127, 2022167, 0806,       GOES-EAST,              FDC,     47,       167.774
-111.616547,  31.927227, 2022167, 0811,       GOES-EAST,              FDC,     47,        83.672
-111.516617,  35.436127, 2022167, 0811,       GOES-EAST,              FDC,     47,       151.754
-111.616547,  31.927227, 2022167, 0816,       GOES-EAST,              FDC,     47,        80.571
-111.516617,  35.436127, 2022167, 0816,       GOES-EAST,              FDC,     47,       144.232
-111.616547,  31.927227, 2022167, 0821,       GOES-EAST,              FDC,     47,        77.176
-111.516617,  35.436127, 2022167, 0821,       GOES-EAST,              FDC,     47,       135.731
-111.616547,  31.927227, 2022167, 0826,       GOES-EAST,              FDC,     47,        89.339
-111.616547,  31.927227, 2022167, 0831,       GOES-EAST,              FDC,     47,       100.986
-111.616547,  31.927227, 2022167, 0836,       GOES-EAST,              FDC,     47,        97.643
-111.516617,  35.436127, 2022167, 0836,       GOES-EAST,              FDC,     47,       136.157
-111.616547,  31.927227, 2022167, 0841,       GOES-EAST,              FDC,     47,        74.664
-111.616547,  31.927227, 2022167, 0846,       GOES-EAST,              FDC,     47,        82.088
-111.516617,  35.436127, 2022167, 0846,       GOES-EAST,              FDC,     47,       126.261
-111.616547,  31.927227, 2022167, 0851,       GOES-EAST,              FDC,     47,       103.508
-111.516617,  35.436127, 2022167, 0851,       GOES-EAST,              FDC,     47,       113.754
-111.616547,  31.927227, 2022167, 0856,       GOES-EAST,              FDC,     47,        92.066
-111.516617,  35.436127, 2022167, 0856,       GOES-EAST,              FDC,     47,       112.710
-111.616547,  31.927227, 2022167, 0901,       GOES-EAST,              FDC,     47,        86.241
-111.616547,  31.927227, 2022167, 0906,       GOES-EAST,              FDC,     47,       101.648
-118.771309,  36.581795, 2022167, 0911,       GOES-EAST,              FDC,     22,        51.766
-111.616547,  31.927227, 2022167, 0911,       GOES-EAST,              FDC,     47,       232.796
-118.771309,  36.581795, 2022167, 0916,       GOES-EAST,              FDC,     22,        50.772
-111.616547,  31.927227, 2022167, 0916,       GOES-EAST,              FDC,     47,       182.757
-111.616547,  31.927227, 2022167, 0921,       GOES-EAST,              FDC,     47,       232.460
-118.771309,  36.581795, 2022167, 0926,       GOES-EAST,              FDC,     22,        55.905
-111.616547,  31.927227, 2022167, 0926,       GOES-EAST,              FDC,     47,       237.871
-111.616547,  31.927227, 2022167, 0931,       GOES-EAST,              FDC,     47,       155.246
-111.616547,  31.927227, 2022167, 0936,       GOES-EAST,              FDC,     47,       164.957
-111.616547,  31.927227, 2022167, 0941,       GOES-EAST,              FDC,     47,       206.941
-111.616547,  31.927227, 2022167, 0946,       GOES-EAST,              FDC,     47,       196.868
-111.616547,  31.927227, 2022167, 0951,       GOES-EAST,              FDC,     47,       150.966
-118.771309,  36.581795, 2022167, 0956,       GOES-EAST,              FDC,     22,        51.624
-111.616547,  31.927227, 2022167, 0956,       GOES-EAST,              FDC,     47,       145.456
-118.771309,  36.581795, 2022167, 1001,       GOES-EAST,              FDC,     22,        52.140
-111.616547,  31.927227, 2022167, 1001,       GOES-EAST,              FDC,     47,       139.802
-111.616547,  31.927227, 2022167, 1006,       GOES-EAST,              FDC,     47,       422.033
-111.647461,  31.928854, 2022167, 1011,       GOES-EAST,              FDC,     47,       589.450
-111.633743,  31.904325, 2022167, 1011,       GOES-EAST,              FDC,     47,       325.366
-111.616547,  31.927227, 2022167, 1011,       GOES-EAST,              FDC,     47,       654.391
-111.602715,  31.902626, 2022167, 1011,       GOES-EAST,              FDC,     47,       278.623
-111.647461,  31.928854, 2022167, 1016,       GOES-EAST,              FDC,     47,       720.279
-111.633743,  31.904325, 2022167, 1016,       GOES-EAST,              FDC,     47,       367.951
-111.616547,  31.927227, 2022167, 1016,       GOES-EAST,              FDC,     47,       911.693
-111.602715,  31.902626, 2022167, 1016,       GOES-EAST,              FDC,     47,       406.272
-111.647461,  31.928854, 2022167, 1021,       GOES-EAST,              FDC,     47,       926.241
-111.633743,  31.904325, 2022167, 1021,       GOES-EAST,              FDC,     47,       541.357
-111.616547,  31.927227, 2022167, 1021,       GOES-EAST,              FDC,     47,      1081.323
-111.602715,  31.902626, 2022167, 1021,       GOES-EAST,              FDC,     47,       577.369
-111.647461,  31.928854, 2022167, 1026,       GOES-EAST,              FDC,     47,       868.375
-111.633743,  31.904325, 2022167, 1026,       GOES-EAST,              FDC,     47,       268.650
-111.616547,  31.927227, 2022167, 1026,       GOES-EAST,              FDC,     47,       790.929
-111.602715,  31.902626, 2022167, 1026,       GOES-EAST,              FDC,     47,       189.554
-118.771309,  36.581791, 2022167, 0600,       GOES-EAST,              FDC,     22,        52.370
-111.616547,  31.927225, 2022167, 0600,       GOES-EAST,              FDC,     47,       161.392
-111.516617,  35.436127, 2022167, 0600,       GOES-EAST,              FDC,     47,       260.788
-118.771309,  36.581791, 2022167, 0610,       GOES-EAST,              FDC,     22,        54.327
-111.616547,  31.927225, 2022167, 0610,       GOES-EAST,              FDC,     47,       136.298
-111.516617,  35.436127, 2022167, 0610,       GOES-EAST,              FDC,     47,       237.720
-111.518936,  28.815031, 2022167, 0620,       GOES-EAST,              FDC,     51,        34.974
-111.616547,  31.927225, 2022167, 0620,       GOES-EAST,              FDC,     47,       130.392
-111.516617,  35.436127, 2022167, 0620,       GOES-EAST,              FDC,     47,       238.230
-111.616547,  31.927225, 2022167, 0630,       GOES-EAST,              FDC,     47,       117.868
-111.516617,  35.436127, 2022167, 0630,       GOES-EAST,              FDC,     47,       214.312
-111.616547,  31.927225, 2022167, 0640,       GOES-EAST,              FDC,     47,       115.878
-111.616547,  31.927225, 2022167, 0650,       GOES-EAST,              FDC,     47,       111.661
-111.516617,  35.436127, 2022167, 0650,       GOES-EAST,              FDC,     47,       186.119
-111.616547,  31.927225, 2022167, 0700,       GOES-EAST,              FDC,     47,        93.371
-111.616547,  31.927225, 2022167, 0710,       GOES-EAST,              FDC,     47,       109.262
-111.616547,  31.927225, 2022167, 0720,       GOES-EAST,              FDC,     47,        88.670
-118.771309,  36.581791, 2022167, 0730,       GOES-EAST,              FDC,     22,        53.733
-111.616547,  31.927225, 2022167, 0730,       GOES-EAST,              FDC,     47,        83.008
-118.771309,  36.581791, 2022167, 0740,       GOES-EAST,              FDC,     22,        57.004
-111.616547,  31.927225, 2022167, 0740,       GOES-EAST,              FDC,     47,        81.293
-111.516617,  35.436127, 2022167, 0740,       GOES-EAST,              FDC,     47,       165.010
-118.771309,  36.581791, 2022167, 0750,       GOES-EAST,              FDC,     22,        53.173
-111.616547,  31.927225, 2022167, 0750,       GOES-EAST,              FDC,     47,        91.546
-111.516617,  35.436127, 2022167, 0750,       GOES-EAST,              FDC,     47,       148.906
-118.771309,  36.581791, 2022167, 0810,       GOES-EAST,              FDC,     22,        54.584
-111.616547,  31.927225, 2022167, 0810,       GOES-EAST,              FDC,     47,        87.509
-111.516617,  35.436127, 2022167, 0810,       GOES-EAST,              FDC,     47,       143.248
-118.771309,  36.581791, 2022167, 0820,       GOES-EAST,              FDC,     22,        51.566
-111.616547,  31.927225, 2022167, 0820,       GOES-EAST,              FDC,     47,        83.956
-111.616547,  31.927225, 2022167, 0830,       GOES-EAST,              FDC,     47,       111.547
-111.616547,  31.927225, 2022167, 0840,       GOES-EAST,              FDC,     47,        93.419
-111.516617,  35.436127, 2022167, 0840,       GOES-EAST,              FDC,     47,       124.528
-118.771309,  36.581791, 2022167, 0850,       GOES-EAST,              FDC,     22,        50.448
-111.616547,  31.927225, 2022167, 0850,       GOES-EAST,              FDC,     47,        90.152
-118.771309,  36.581791, 2022167, 0900,       GOES-EAST,              FDC,     22,        58.266
-111.616547,  31.927225, 2022167, 0900,       GOES-EAST,              FDC,     47,        87.788
-111.616547,  31.927225, 2022167, 0910,       GOES-EAST,              FDC,     47,       282.762
-111.516617,  35.436127, 2022167, 0910,       GOES-EAST,              FDC,     47,       103.839
-118.771309,  36.581791, 2022167, 0920,       GOES-EAST,              FDC,     22,        52.047
-111.616547,  31.927225, 2022167, 0920,       GOES-EAST,              FDC,     47,       265.974
-118.771309,  36.581791, 2022167, 0930,       GOES-EAST,              FDC,     22,        50.834
-111.616547,  31.927225, 2022167, 0930,       GOES-EAST,              FDC,     47,       207.335
-111.647461,  31.928850, 2022167, 0940,       GOES-EAST,              FDC,     47,       197.246
-111.616547,  31.927225, 2022167, 0940,       GOES-EAST,              FDC,     47,       292.730
-111.516617,  35.436127, 2022167, 0940,       GOES-EAST,              FDC,     47,        96.381
-118.771309,  36.581791, 2022167, 0950,       GOES-EAST,              FDC,     22,        52.363
-111.616547,  31.927225, 2022167, 0950,       GOES-EAST,              FDC,     47,       183.018
-111.616547,  31.927225, 2022167, 1000,       GOES-EAST,              FDC,     47,       139.160
-111.647461,  31.928850, 2022167, 1010,       GOES-EAST,              FDC,     47,       728.425
-111.616547,  31.927225, 2022167, 1010,       GOES-EAST,              FDC,     47,       834.284
-111.647461,  31.928850, 2022167, 1020,       GOES-EAST,              FDC,     47,      1166.230
-111.633736,  31.904324, 2022167, 1020,       GOES-EAST,              FDC,     47,       313.192
-111.630188,  31.951694, 2022167, 1020,       GOES-EAST,              FDC,     47,       211.737
-111.616547,  31.927225, 2022167, 1020,       GOES-EAST,              FDC,     47,      1298.497
-111.602715,  31.902622, 2022167, 1020,       GOES-EAST,              FDC,     47,       311.475
-111.647461,  31.928854, 2022167, 1031,       GOES-EAST,              FDC,     47,       733.273
-111.633743,  31.904325, 2022167, 1031,       GOES-EAST,              FDC,     47,       267.484
-111.616547,  31.927227, 2022167, 1031,       GOES-EAST,              FDC,     47,       781.841
-111.602715,  31.902626, 2022167, 1031,       GOES-EAST,              FDC,     47,       226.904
-111.647461,  31.928854, 2022167, 1036,       GOES-EAST,              FDC,     47,       764.541
-111.633743,  31.904325, 2022167, 1036,       GOES-EAST,              FDC,     47,       381.768
-111.616547,  31.927227, 2022167, 1036,       GOES-EAST,              FDC,     47,       726.896
-111.602715,  31.902626, 2022167, 1036,       GOES-EAST,              FDC,     47,       315.944
-111.647461,  31.928854, 2022167, 1041,       GOES-EAST,              FDC,     47,       532.059
-111.633743,  31.904325, 2022167, 1041,       GOES-EAST,              FDC,     47,       224.783
-111.616547,  31.927227, 2022167, 1041,       GOES-EAST,              FDC,     47,       458.376
-111.647461,  31.928854, 2022167, 1046,       GOES-EAST,              FDC,     47,       434.644
-111.616547,  31.927227, 2022167, 1046,       GOES-EAST,              FDC,     47,       435.379
-111.647461,  31.928854, 2022167, 1051,       GOES-EAST,              FDC,     47,       290.596
-111.616547,  31.927227, 2022167, 1051,       GOES-EAST,              FDC,     47,       328.526
-111.647461,  31.928854, 2022167, 1056,       GOES-EAST,              FDC,     47,       274.828
-111.616547,  31.927227, 2022167, 1056,       GOES-EAST,              FDC,     47,       329.356
-111.647461,  31.928854, 2022167, 1101,       GOES-EAST,              FDC,     47,       223.389
-111.616547,  31.927227, 2022167, 1101,       GOES-EAST,              FDC,     47,       305.848
-111.647461,  31.928854, 2022167, 1106,       GOES-EAST,              FDC,     47,       270.625
-111.633743,  31.904325, 2022167, 1106,       GOES-EAST,              FDC,     47,       198.350
-111.616547,  31.927227, 2022167, 1106,       GOES-EAST,              FDC,     47,       297.147
-111.647461,  31.928854, 2022167, 1111,       GOES-EAST,              FDC,     47,       246.362
-111.616547,  31.927227, 2022167, 1111,       GOES-EAST,              FDC,     47,       252.519
-111.647461,  31.928854, 2022167, 1116,       GOES-EAST,              FDC,     47,       180.677
-111.616547,  31.927227, 2022167, 1116,       GOES-EAST,              FDC,     47,       218.480
-111.616547,  31.927227, 2022167, 1121,       GOES-EAST,              FDC,     47,       197.249
-111.616547,  31.927227, 2022167, 1126,       GOES-EAST,              FDC,     47,       145.673
-111.616547,  31.927227, 2022167, 1131,       GOES-EAST,              FDC,     47,       140.171
-111.616547,  31.927227, 2022167, 1136,       GOES-EAST,              FDC,     47,       132.129
-111.616547,  31.927227, 2022167, 1141,       GOES-EAST,              FDC,     47,       116.686
-111.616547,  31.927227, 2022167, 1146,       GOES-EAST,              FDC,     47,       111.273
-111.616547,  31.927227, 2022167, 1151,       GOES-EAST,              FDC,     47,       102.121
-111.616547,  31.927227, 2022167, 1156,       GOES-EAST,              FDC,     47,       104.438
-111.647461,  31.928850, 2022167, 1030,       GOES-EAST,              FDC,     47,       567.392
-111.633736,  31.904324, 2022167, 1030,       GOES-EAST,              FDC,     47,       419.314
-111.616547,  31.927225, 2022167, 1030,       GOES-EAST,              FDC,     47,       572.673
-111.602715,  31.902622, 2022167, 1030,       GOES-EAST,              FDC,     47,       355.586
-111.647461,  31.928850, 2022167, 1040,       GOES-EAST,              FDC,     47,       520.367
-111.633736,  31.904324, 2022167, 1040,       GOES-EAST,              FDC,     47,       245.463
-111.616547,  31.927225, 2022167, 1040,       GOES-EAST,              FDC,     47,       431.749
-111.647461,  31.928850, 2022167, 1050,       GOES-EAST,              FDC,     47,       270.645
-111.616547,  31.927225, 2022167, 1050,       GOES-EAST,              FDC,     47,       320.621
-111.647461,  31.928850, 2022167, 1100,       GOES-EAST,              FDC,     47,       228.880
-111.616547,  31.927225, 2022167, 1100,       GOES-EAST,              FDC,     47,       304.087
-111.647461,  31.928850, 2022167, 1110,       GOES-EAST,              FDC,     47,       215.217
-111.616547,  31.927225, 2022167, 1110,       GOES-EAST,              FDC,     47,       227.762
-111.616547,  31.927225, 2022167, 1120,       GOES-EAST,              FDC,     47,       177.058
-111.616547,  31.927225, 2022167, 1130,       GOES-EAST,              FDC,     47,       155.947
-111.616547,  31.927225, 2022167, 1140,       GOES-EAST,              FDC,     47,       114.329
