fed_fire_id,name,state,county,started,updated,acres_burned,percent_contained,type,fire_behavior,fire_cause,latitude,longitude,source,days_burning,days_sinceupdate,location,info_url,state_name
2024-SDCRA-000017,Bull Creek Fire,SD,Ziebach,2024-04-16T00:27:00Z,2024-06-25T15:03:57Z,NA,NA,WF,NA,NA,NA,NA,NFIS,70,0.1,NA,NA,South Dakota
2024-UTFIF-240034,South Beaver Rx Fire,UT,Beaver,2024-04-22T16:18:21Z,2024-06-24T17:27:09Z,5254,NA,RX,NA,Undetermined,38.234812,-112.491335,NFIS,64,1,NA,NA,Utah
2024-AKFAS-411067,Popovitch Creek Coal Seam Fire,AK,Denali,2024-05-13T05:53:00Z,2024-05-22T21:03:52Z,3953.9,100,WF,Minimal,Natural,63.928526,-148.847497,NFIS,43,33.9,NA,NA,Alaska
2024-NMLNF-000227,Blue 2 Fire,NM,Lincoln,2024-05-16T20:30:00Z,2024-06-04T22:10:47Z,7532,92,WF,Minimal,Natural,33.425972,-105.802306,NFIS,39,20.8,NA,NA,New Mexico
2024-NMSNF-000091,Indios Fire,NM,Rio Arriba,2024-05-19T17:48:00Z,2024-06-07T01:16:09Z,11500,90,WF,Minimal,Natural,36.182269,-106.903152,NFIS,37,18.7,NA,NA,New Mexico
2024-AZIMR-000407,Refuge Fire,AZ,Yuma,2024-05-25T21:08:00Z,2024-05-28T18:50:02Z,1041,100,WF,Minimal,Human,32.9809,-114.468,NFIS,30,28,NA,NA,Arizona
2024-AKGAD-000090,Atchuelinguk Fire,AK,Kusilvak,2024-05-26T16:14:31Z,2024-06-24T04:55:23Z,1890.3,0,WF,Minimal,Human,62.35,-162.04,NFIS,30,1.6,NA,NA,Alaska
2024-WASPD-000131,Beverly Fire,WA,Grant,2024-05-29T20:15:00Z,2024-05-30T16:24:30Z,30,NA,WF,NA,Human,46.829861,-119.933806,NFIS,26,26.1,NA,NA,Washington
2024-FLEVP-001677,Ever Long Pine Key Rx Fire,FL,Miami-Dade,2024-06-04T10:56:01Z,2024-06-14T12:58:37Z,54,NA,RX,NA,Undetermined,25.398467,-80.6565,NFIS,21,11.2,NA,NA,Florida
2024-AZKNF-000431,Bravo Fire,AZ,Coconino,2024-06-06T14:42:00Z,2024-06-08T19:55:20Z,960,100,WF,Minimal,Undetermined,35.192143,-111.823145,NFIS,19,16.9,NA,NA,Arizona
2024-AKUYD-000115,Fossil Fire,AK,Yukon-Koyukuk,2024-06-06T22:03:47Z,2024-06-23T16:03:51Z,8,NA,WF,NA,Natural,65.476417,-147.461867,NFIS,18,2.1,NA,NA,Alaska
2024-NMGNF-000210,Antone Fire,NM,Catron,2024-06-07T22:20:56Z,2024-06-14T01:22:07Z,12395,97,WF,Minimal,Natural,34.031095,-108.357917,NFIS,17,11.7,NA,NA,New Mexico
2024-AZFTA-000231,Bear Fire,AZ,Gila,2024-06-08T18:56:00Z,2024-06-14T03:22:56Z,447,80,WF,Minimal,Human,33.934414,-110.522289,NFIS,16,11.6,NA,NA,Arizona
2024-WASES-000173,Pioneer Fire,WA,Chelan,2024-06-08T19:48:00Z,2024-06-25T14:53:08Z,4558,0,WF,Moderate,Undetermined,48.199206,-120.546799,NFIS,16,0.2,NA,NA,Washington
2024-AKMID-000119,Mcdonald Fire,AK,Fairbanks North Star,2024-06-08T21:11:00Z,2024-06-25T15:18:10Z,50261.9,0,WF,Active,Natural,64.40688,-147.21692,NFIS,16,0.1,NA,NA,Alaska
2024-AKUYD-000121,Owl Fire,AK,Yukon-Koyukuk,2024-06-08T22:59:45Z,2024-06-23T15:44:14Z,4339,0,WF,Moderate,Natural,66.15,-142.17,NFIS,16,2.1,NA,NA,Alaska
2024-WASPD-000183,Palisades Road Fire,WA,Douglas,2024-06-11T05:58:00Z,2024-06-13T01:07:51Z,693,99,WF,Minimal,Undetermined,47.275592,-120.012476,NFIS,14,12.7,NA,NA,Washington
2024-COPSF-000697,Interlaken Fire,CO,Lake,2024-06-11T19:44:00Z,2024-06-20T20:35:39Z,704,100,WF,Minimal,Human,39.07743,-106.31127,NFIS,13,4.9,NA,NA,Colorado
2024-AZNAA-000064,Brown Ridge Fire,AZ,Apache,2024-06-12T19:08:54Z,2024-06-19T18:47:43Z,22.3,NA,WF,NA,Human,NA,NA,NFIS,12,6,NA,NA,Arizona
2024-AKGAD-000130,Goldbug Fire,AK,Northwest Arctic,2024-06-12T20:08:00Z,2024-06-21T18:33:51Z,7639.1,0,WF,Active,Natural,65.73,-162.48,NFIS,12,4,NA,NA,Alaska
2024-UTFIF-240112,Little Twist Fire,UT,Beaver,2024-06-13T20:00:00Z,2024-06-25T13:54:05Z,2417,15,WF,Moderate,Human,38.186027,-112.473681,NFIS,11,0.2,NA,NA,Utah
2024-AKGAD-000131,Urgoon Fire,AK,Northwest Arctic,2024-06-13T20:07:00Z,2024-06-21T18:37:47Z,6082.6,0,WF,Active,Natural,67.781833,-162.4155,NFIS,11,4,NA,NA,Alaska
2024-AKGAD-000135,Tututalak Fire,AK,Northwest Arctic,2024-06-13T22:45:00Z,2024-06-21T18:41:48Z,8533.5,0,WF,Moderate,Natural,67.915833,-162.112667,NFIS,11,4,NA,NA,Alaska
2024-AZASF-000264,Foote Fire,AZ,Greenlee,2024-06-14T20:17:55Z,2024-06-24T22:42:32Z,4395,0,WF,Active,Natural,33.698568,-109.350741,NFIS,10,0.8,NA,NA,Arizona
2024-NMEMP-000234,Encerrita Fire,NM,Cibola,2024-06-15T18:41:00Z,2024-06-25T11:38:16Z,2496,0,WF,Minimal,Undetermined,34.931138,-107.92064,NFIS,9,0.3,NA,NA,New Mexico
2024-WASPD-000205,Beam Road Fire,WA,Yakima,2024-06-15T19:22:00Z,2024-06-17T18:03:49Z,8542,100,WF,Minimal,Human,46.43,-120.16,NFIS,9,8,NA,NA,Washington
2024-CALAC-205253,Post Fire,CA,Los Angeles,2024-06-15T20:47:05Z,2024-06-23T00:03:02Z,15563,90,WF,Minimal,Undetermined,34.80285,-118.8776,NFIS,9,2.8,NA,NA,California
2024-WAWWLN-000207,Neff Road Cmd Fire,WA,Walla Walla,2024-06-15T21:22:00Z,2024-06-16T23:18:29Z,250,100,WF,Active,Undetermined,46.300438,-118.71033,NFIS,9,8.8,NA,NA,Washington
2024-AKUYD-000140,Snowy Fire,AK,Yukon-Koyukuk,2024-06-16T00:11:55Z,2024-06-20T16:52:44Z,227,NA,WF,NA,Natural,65.538,-143.042833,NFIS,9,5.1,NA,NA,Alaska
2024-CALNU-010992,Point Fire,CA,Sonoma,2024-06-16T19:33:55Z,2024-06-18T04:27:57Z,1207,100,WF,Minimal,Undetermined,38.705475,-123.012253,NFIS,8,7.6,NA,NA,California
2024-AZKNF-000485,Sayer Fire,AZ,Coconino,2024-06-16T23:33:00Z,2024-06-19T00:53:06Z,1049,100,WF,Minimal,Natural,35.68,-111.749,NFIS,8,6.7,NA,NA,Arizona
2024-AKSWS-404143,American Creek Fire,AK,Lake and Peninsula,2024-06-16T23:50:00Z,2024-06-24T21:23:01Z,2000,0,WF,Moderate,Natural,58,-155.079,NFIS,8,0.9,NA,NA,Alaska
2024-AKSWS-404146,Naknek Lake Fire,AK,Lake and Peninsula,2024-06-17T01:56:00Z,2024-06-18T19:30:40Z,19.2,NA,WF,NA,Natural,58.605,-156.00333,NFIS,8,7,NA,NA,Alaska
2024-AKSWS-404144,Alagnak River Fire,AK,Lake and Peninsula,2024-06-17T03:59:00Z,2024-06-18T19:29:42Z,39.5,NA,WF,NA,Natural,59.078667,-155.819,NFIS,8,7,NA,NA,Alaska
2024-SDCRA-000022,4 Mile Fire,SD,Dewey,2024-06-17T06:58:00Z,2024-06-25T14:52:32Z,NA,NA,WF,NA,NA,NA,NA,NFIS,8,0.2,NA,NA,South Dakota
2024-NMMEA-000382,South Fork Fire,NM,Otero,2024-06-17T15:07:00Z,2024-06-25T10:24:26Z,17556,54,WF,Minimal,Undetermined,33.343147,-105.791419,NFIS,8,0.3,NA,NA,New Mexico
2024-AKSWS-404149,Mulchatna River Fire,AK,Lake and Peninsula,2024-06-17T16:02:52Z,2024-06-24T03:09:28Z,61.1,NA,WF,NA,Natural,60.87,-154.77,NFIS,8,1.6,NA,NA,Alaska
2024-AKUYD-000153,Crazy Fire,AK,Yukon-Koyukuk,2024-06-17T19:57:21Z,2024-06-23T16:03:51Z,177,NA,WF,NA,Natural,65.808617,-145.593583,NFIS,7,2.1,NA,NA,Alaska
2024-NMMEA-000385,Salt Fire,NM,Otero,2024-06-17T20:20:33Z,2024-06-25T10:24:26Z,7947,38,WF,Minimal,Undetermined,33.239316,-105.70015,NFIS,7,0.3,NA,NA,New Mexico
2024-AKSWS-404161,Togiak River Fire,AK,Dillingham,2024-06-17T20:38:41Z,2024-06-22T15:39:15Z,644.2,0,WF,Minimal,Natural,59.4431,-159.7532,NFIS,7,3.1,NA,NA,Alaska
2024-CALNU-011083,Sites Fire,CA,Colusa,2024-06-17T20:39:25Z,2024-06-23T03:22:12Z,19195,86,WF,Minimal,Undetermined,39.308886,-122.338129,NFIS,7,2.6,NA,NA,California
2024-CATCU-007675,Aero Fire,CA,Calaveras,2024-06-17T22:23:08Z,2024-06-21T23:51:16Z,5284,95,WF,Minimal,Undetermined,38.046748,-120.692214,NFIS,7,3.8,NA,NA,California
2024-AKSWS-404156,Ivy Creek Fire,AK,Yukon-Koyukuk,2024-06-17T22:46:00Z,2024-06-24T03:12:14Z,69.8,98,WF,Minimal,Natural,63.0785,-155.792,NFIS,7,1.6,NA,NA,Alaska
2024-AKSWS-404157,Aniak River Fire,AK,Bethel,2024-06-18T00:07:41Z,2024-06-24T02:34:52Z,1876,0,WF,Minimal,Natural,61.2202,-159.059039,NFIS,7,1.7,NA,NA,Alaska
2024-AKSWS-404158,Oskawalik River Fire,AK,Bethel,2024-06-18T00:09:15Z,2024-06-24T03:01:31Z,286.1,0,WF,Minimal,Natural,61.6669,-158.0076,NFIS,7,1.6,NA,NA,Alaska
2024-AKSWS-404165,Owhat River Fire,AK,Bethel,2024-06-18T00:17:25Z,2024-06-24T02:30:23Z,703.4,0,WF,Minimal,Natural,61.849517,-159.217667,NFIS,7,1.7,NA,NA,Alaska
2024-AKGAD-000160,Kako Fire,AK,Kusilvak,2024-06-18T01:18:37Z,2024-06-24T04:58:05Z,555.5,0,WF,Active,Natural,62.061167,-161.494,NFIS,7,1.6,NA,NA,Alaska
2024-AKSWS-404163,Muskeg Creek Fire,AK,Bethel,2024-06-18T03:02:22Z,2024-06-25T17:29:56Z,640,NA,WF,NA,Natural,61.55,-156.31,NFIS,7,0,NA,NA,Alaska
2024-AKSWS-404167,Lower Meadow Creek Fire,AK,Yukon-Koyukuk,2024-06-18T06:20:10Z,2024-06-25T02:23:01Z,5755.7,NA,WF,NA,Natural,63.468667,-154.790333,NFIS,7,0.7,NA,NA,Alaska
2024-AKSWS-404168,Meadow Creek Fire,AK,Yukon-Koyukuk,2024-06-18T06:23:00Z,2024-06-24T03:01:31Z,10,NA,WF,NA,Natural,63.511667,-154.754333,NFIS,7,1.6,NA,NA,Alaska
2024-AKSWS-404169,Portage Fire,AK,Bethel,2024-06-18T07:20:00Z,2024-06-24T21:07:42Z,1500,1,WF,Minimal,Natural,61.86055,-157.902383,NFIS,7,0.9,NA,NA,Alaska
2024-AKSWS-404170,Downey Creek Fire,AK,Bethel,2024-06-18T07:22:30Z,2024-06-24T02:04:27Z,107.8,NA,WF,NA,Natural,61.851617,-157.770533,NFIS,7,1.7,NA,NA,Alaska
2024-AKSWS-404171,Eightmile Creek Fire,AK,Bethel,2024-06-18T07:24:52Z,2024-06-24T01:38:46Z,2541.1,NA,WF,NA,Natural,61.80745,-157.591333,NFIS,7,1.7,NA,NA,Alaska
2024-AKSWS-404172,South Fork George River Fire,AK,Bethel,2024-06-18T07:28:30Z,2024-06-24T23:54:01Z,5043.3,0,WF,Moderate,Natural,61.937117,-157.4235,NFIS,7,0.8,NA,NA,Alaska
2024-AKSWS-404173,Zimmerman Creek Fire,AK,Yukon-Koyukuk,2024-06-18T16:12:11Z,2024-06-23T02:22:02Z,1934.1,NA,WF,NA,Natural,62.59,-158.28,NFIS,7,2.7,NA,NA,Alaska
2024-AKSWS-404175,Mishevik Slough Fire,AK,Bethel,2024-06-18T16:13:00Z,2024-06-24T03:14:45Z,64.7,NA,WF,NA,Natural,61.02,-161.12,NFIS,7,1.6,NA,NA,Alaska
2024-AKSWS-404174,Big Yetna River Fire,AK,Yukon-Koyukuk,2024-06-18T16:15:47Z,2024-06-24T08:11:31Z,1912.4,NA,WF,NA,Natural,62.63,-158.74,NFIS,7,1.4,NA,NA,Alaska
2024-NMN3S-000243,Normandy Fire,NM,Hidalgo,2024-06-18T22:35:00Z,2024-06-22T01:11:54Z,186,NA,WF,NA,Human,31.333232,-109.03438,NFIS,6,3.7,NA,NA,New Mexico
2024-AKTAD-000179,Mud Fire,AK,Yukon-Koyukuk,2024-06-19T00:08:00Z,2024-06-22T15:34:15Z,100.6,NA,WF,NA,Natural,65.514833,-149.318833,NFIS,6,3.1,NA,NA,Alaska
2024-AKUYD-000184,Ikheenjik Fire,AK,Yukon-Koyukuk,2024-06-19T01:56:49Z,2024-06-23T16:14:47Z,34,NA,WF,NA,Natural,65.525833,-143.902783,NFIS,6,2.1,NA,NA,Alaska
2024-AKUYD-000187,Midnight Fire,AK,Yukon-Koyukuk,2024-06-19T16:07:44Z,2024-06-23T15:44:14Z,1089,0,WF,Active,Natural,66.12945,-141.079167,NFIS,6,2.1,NA,NA,Alaska
2024-AKSWS-404188,Little Underhill Creek Fire,AK,Bethel,2024-06-19T19:28:26Z,2024-06-25T01:51:03Z,841.5,0,WF,Minimal,Natural,61.41,-154.54,NFIS,5,0.7,NA,NA,Alaska
2024-AKUYD-000191,Van Hatten Fire,AK,Yukon-Koyukuk,2024-06-20T02:02:31Z,2024-06-23T15:47:29Z,255,NA,WF,NA,Natural,65.490867,-142.317533,NFIS,5,2.1,NA,NA,Alaska
2024-AKUYD-000192,Noodor Fire,AK,Yukon-Koyukuk,2024-06-20T16:19:27Z,2024-06-21T15:56:57Z,586,NA,WF,NA,Natural,65.845283,-147.58945,NFIS,5,4.1,NA,NA,Alaska
2024-AKTAD-000194,Eroded Fire,AK,Yukon-Koyukuk,2024-06-20T20:37:08Z,2024-06-22T02:18:45Z,122.6,NA,WF,NA,Natural,67.6075,-151.2,NFIS,4,3.7,NA,NA,Alaska
2024-OR711S-000382-24,Upper Applegate 3900 Fire,OR,Jackson,2024-06-20T22:15:00Z,2024-06-24T23:01:16Z,830,41,WF,Moderate,Human,NA,NA,NFIS,4,0.8,NA,NA,Oregon
2024-OR711S-000383-24,Hwy 62 17740 Fire,OR,Jackson,2024-06-20T22:24:00Z,2024-06-21T17:08:42Z,NA,NA,WF,NA,NA,NA,NA,NFIS,4,4.1,NA,NA,Oregon
2024-AKGAD-000198,Wheeler Fire,AK,Yukon-Koyukuk,2024-06-21T18:58:34Z,2024-06-23T20:41:13Z,102.8,NA,WF,NA,Natural,66.166667,-156.5,NFIS,3,1.9,NA,NA,Alaska
2024-AKTAD-000199,Foraker Fire,AK,Denali,2024-06-21T21:58:04Z,2024-06-24T15:55:54Z,29,NA,WF,NA,Natural,63.2605,-151.809667,NFIS,3,1.1,NA,NA,Alaska
2024-AKGAD-000200,Yuki Fire,AK,Yukon-Koyukuk,2024-06-21T22:05:00Z,2024-06-25T16:50:23Z,39.5,NA,WF,NA,Natural,66.0565,-156.485833,NFIS,3,0.1,NA,NA,Alaska
2024-AKSWS-404201,Cribby Creek Fire,AK,Bethel,2024-06-21T22:54:00Z,2024-06-24T21:07:42Z,400,9,WF,Minimal,Natural,61.841833,-157.300667,NFIS,3,0.9,NA,NA,Alaska
2024-AKMID-000204,Clear Fire,AK,Fairbanks North Star,2024-06-22T00:56:26Z,2024-06-25T15:18:10Z,8656.6,0,WF,Moderate,Natural,64.590783,-147.5935,NFIS,3,0.1,NA,NA,Alaska
2024-AKMID-000205,Meridian Fire,AK,Fairbanks North Star,2024-06-22T01:37:08Z,2024-06-23T14:56:00Z,2.7,NA,WF,NA,Natural,64.569733,-147.548333,NFIS,3,2.1,NA,NA,Alaska
2024-AKSWS-404206,Crater Mountain Fire,AK,Yukon-Koyukuk,2024-06-22T01:57:00Z,2024-06-25T03:07:28Z,1500,0,WF,Moderate,Natural,63.1,-156.425,NFIS,3,0.6,NA,NA,Alaska
2024-AKGAD-000209,Naluk Fire,AK,Northwest Arctic,2024-06-22T03:14:00Z,2024-06-25T16:47:40Z,732.1,0,WF,Active,Natural,66.8905,-159.506833,NFIS,3,0.1,NA,NA,Alaska
2024-AKSWS-404210,Beaver Creek Fire,AK,Yukon-Koyukuk,2024-06-22T04:09:41Z,2024-06-25T04:11:42Z,90,NA,WF,NA,Natural,62.7385,-156.380833,NFIS,3,0.6,NA,NA,Alaska
2024-COPSF-000779,Oak Ridge Fire,CO,Pueblo,2024-06-22T14:59:15Z,2024-06-25T01:06:26Z,276,0,WF,Active,Natural,38.093072,-105.056205,NFIS,3,0.7,NA,NA,Colorado
2024-AKGAD-000212,Dulbi Fire,AK,Yukon-Koyukuk,2024-06-22T19:25:21Z,2024-06-25T16:54:33Z,177.6,NA,WF,NA,Natural,65.175,-155.865833,NFIS,2,0.1,NA,NA,Alaska
2024-WANWS-000046,Dearinger Fire,WA,Skagit,2024-06-22T20:54:00Z,2024-06-24T20:41:19Z,39,0,WF,Minimal,Undetermined,48.32316,-121.517174,NFIS,2,0.9,NA,NA,Washington
2024-CAKRN-027133,Way Fire,CA,Kern,2024-06-22T21:35:00Z,2024-06-25T17:10:28Z,NA,NA,WF,NA,NA,NA,NA,NFIS,2,0.1,NA,NA,California
2024-AKTAD-000213,Deep Fire,AK,Yukon-Koyukuk,2024-06-22T21:56:00Z,2024-06-24T15:43:34Z,322,15,WF,Moderate,Natural,63.77555,-152.408617,NFIS,2,1.1,NA,NA,Alaska
2024-WAYAA-000035,1980 Slide Ranch Fire,WA,Yakima,2024-06-22T22:41:00Z,2024-06-25T03:57:45Z,3054,30,WF,Minimal,Human,NA,NA,NFIS,2,0.6,NA,NA,Washington
2024-ORPRD-000277,Long Bend Fire,OR,Wasco,2024-06-22T23:13:00Z,2024-06-24T21:21:46Z,1024,50,WF,Moderate,Undetermined,45.126083,-121.131392,NFIS,2,0.9,NA,NA,Oregon
2024-AKGAD-000215,Fish Fire,AK,Northwest Arctic,2024-06-22T23:18:43Z,2024-06-24T16:43:36Z,23.6,NA,WF,NA,Natural,65.32294,-155.422211,NFIS,2,1.1,NA,NA,Alaska
2024-WANES-000239,Gold Creek Fire,WA,Okanogan,2024-06-22T23:46:00Z,2024-06-25T12:59:59Z,138,0,WF,Minimal,Undetermined,48.202356,-120.117195,NFIS,2,0.2,NA,NA,Washington
2024-AKGAD-000220,Sheklukshuk Fire,AK,Northwest Arctic,2024-06-23T04:33:09Z,2024-06-25T17:27:32Z,166.2,NA,WF,NA,Natural,66.539333,-156.646333,NFIS,2,0,NA,NA,Alaska
2024-AKGAD-000223,Little Black Fire,AK,Northwest Arctic,2024-06-23T05:15:50Z,2024-06-24T16:56:24Z,48.3,NA,WF,NA,Natural,66.789833,-157.788833,NFIS,2,1.1,NA,NA,Alaska
2024-AKGAD-000224,Kerchurak Fire,AK,Northwest Arctic,2024-06-23T05:18:42Z,2024-06-24T16:56:24Z,100,NA,WF,NA,Natural,66.811167,-157.796333,NFIS,2,1.1,NA,NA,Alaska
2024-AKGAD-000226,Sheklukshuk 2 Fire,AK,Northwest Arctic,2024-06-23T05:21:27Z,2024-06-25T17:27:54Z,15.9,NA,WF,NA,Natural,66.704167,-157.776833,NFIS,2,0,NA,NA,Alaska
2024-AKGAD-000229,South Fire,AK,Yukon-Koyukuk,2024-06-23T19:27:57Z,2024-06-25T17:25:35Z,147.2,NA,WF,NA,Natural,65.971233,-157.246917,NFIS,1,0,NA,NA,Alaska
2024-WANES-001361,NA Fire,WA,Spokane,2024-06-23T22:34:27Z,2024-06-24T00:39:22Z,0.5,NA,WF,NA,Undetermined,47.486899,-117.575947,NFIS,1,1.7,NA,NA,Washington
2024-WYCMX-240118,Bull Creek Fire,WY,Campbell,2024-06-23T23:16:00Z,2024-06-24T14:05:44Z,25,NA,WF,NA,Natural,38.895189,-84.396254,NFIS,1,1.2,NA,NA,Wyoming
2024-AKMSS-401235,Susitna Fire,AK,Matanuska-Susitna,2024-06-24T03:00:00Z,2024-06-24T07:00:35Z,1,NA,WF,NA,Natural,61.7547,-150.176667,NFIS,1,1.5,NA,NA,Alaska
2024-MTLG50-000177,Turkey Fire,MT,Garfield,2024-06-24T03:00:00Z,2024-06-25T17:52:23Z,2.4,NA,WF,NA,Undetermined,47.464,-107.55,NFIS,1,0,NA,NA,Montana
2024-AKGAD-000240,Main Fire,AK,Yukon-Koyukuk,2024-06-24T04:19:00Z,2024-06-25T16:52:38Z,20,NA,WF,NA,Natural,64.611667,-155.231,NFIS,1,0.1,NA,NA,Alaska
2024-FLFNF-001893,Turkey Pond Fire,FL,Leon,2024-06-24T14:38:36Z,2024-06-25T14:34:13Z,150,NA,WF,NA,Natural,30.38375,-84.32905,NFIS,1,0.2,NA,NA,Florida
2024-AKFAS-411242,Bonanza Creek Fire,AK,Fairbanks North Star,2024-06-24T15:54:00Z,2024-06-25T00:00:15Z,1,NA,WF,NA,Natural,64.703333,-148.343611,NFIS,1,0.8,NA,NA,Alaska
2024-WANES-001366,Equestrian Fire,WA,Spokane,2024-06-24T20:13:18Z,2024-06-24T23:22:58Z,1.7,NA,WF,NA,Undetermined,47.698239,-117.500947,NFIS,0,0.8,NA,NA,Washington
2024-AZTNF-000948,Bobcat Fire,AZ,Gila,2024-06-24T21:03:58Z,2024-06-25T17:43:31Z,91,NA,WF,NA,Natural,33.600816,-111.0061,NFIS,0,0,NA,NA,Arizona
NA,Junes Fire,CA,Butte,2024-06-15T15:20:59Z,2024-06-18T17:18:33Z,1056,100,Wildfire,NA,NA,39.369439,-121.518592,Cal Fire,10,7,"Four Junes Way and Palermo Honcut Hwy, south of Palermo",http://incidents.fire.ca.gov/incidents/2024/6/15/junes-fire/,California
NA,West Fire,CA,Los Angeles,2024-06-15T17:21:25Z,2024-06-20T10:08:20Z,300,100,Wildfire,NA,NA,34.73279,-118.29017,Cal Fire,10,5,"Near West Avenue G, Lancaster",http://incidents.fire.ca.gov/incidents/2024/6/15/west-fire/,California
NA,Hesperia Fire,CA,San Bernardino,2024-06-15T18:49:39Z,2024-06-24T22:18:40Z,1078,100,Wildfire,NA,NA,34.30769,-117.28811,Cal Fire,10,1,"Arrowhead Lake Road, Hesperia",http://incidents.fire.ca.gov/incidents/2024/6/15/hesperia-fire/,California
NA,Lisa Fire,CA,Riverside,2024-06-16T13:13:44Z,2024-06-18T06:59:29Z,890,100,Wildfire,NA,NA,33.943389,-117.06443,Cal Fire,9,7,"Highway 60 and Jack Rabbit Trail, East of Moreno Valley ",http://incidents.fire.ca.gov/incidents/2024/6/16/lisa-fire/,California
NA,Max Fire,CA,Los Angeles,2024-06-16T15:46:34Z,2024-06-18T12:00:09Z,338,100,Wildfire,NA,NA,34.67529,-118.27108,Cal Fire,9,7,"80th Street West, Lancaster",http://incidents.fire.ca.gov/incidents/2024/6/16/max-fire/,California
NA,Tuscany Fire,CA,Riverside,2024-06-17T11:35:11Z,2024-06-20T14:04:42Z,126,100,Wildfire,NA,NA,33.847642,-116.569117,Cal Fire,8,5,"City View Drive, Palm Springs",http://incidents.fire.ca.gov/incidents/2024/6/17/tuscany-fire/,California
NA,Sky Fire,CA,Kern,2024-06-19T11:32:30Z,2024-06-21T13:07:49Z,528,100,Wildfire,NA,NA,35.32752,-119.462711,Cal Fire,6,4,"Elk Hills Road and Skyline Road, West of Bakersfield ",http://incidents.fire.ca.gov/incidents/2024/6/19/sky-fire/,California
NA,Daytona Fire,CA,Kern,2024-06-19T15:50:28Z,2024-06-21T13:07:18Z,123,100,Wildfire,NA,NA,35.382,-118.878444,Cal Fire,6,4,"McKenna Street, Bakersfield",http://incidents.fire.ca.gov/incidents/2024/6/19/daytona-fire/,California
NA,Side Fire,CA,Tulare,2024-06-19T19:04:38Z,2024-06-21T15:20:06Z,137,35,Wildfire,NA,NA,36.016118,-118.828001,Cal Fire,6,4,Indian Reservation Drive and Road 240,http://incidents.fire.ca.gov/incidents/2024/6/19/side-fire/,California
NA,Double Fire,CA,Yuba,2024-06-20T13:07:10Z,2024-06-23T10:29:38Z,12,100,Wildfire,NA,NA,39.458459,-121.303342,Cal Fire,5,2,"Double Eagle Way, Yuba County",http://incidents.fire.ca.gov/incidents/2024/6/20/double-fire/,California
NA,Water Fire,CA,Kern,2024-06-21T12:09:00Z,2024-06-21T18:57:24Z,546,100,Wildfire,NA,NA,35.60366,-119.96709,Cal Fire,4,4,"West of Lost Hills, Kern County",http://incidents.fire.ca.gov/incidents/2024/6/21/water-fire/,California
NA,Willow Fire,CA,Madera,2024-06-22T15:15:57Z,2024-06-24T18:09:57Z,213,100,Wildfire,NA,NA,37.154953,-119.91267,Cal Fire,3,1,"Willow Drive and Raymond Road, West of Hensley Lake",http://incidents.fire.ca.gov/incidents/2024/6/22/willow-fire/,California
NA,Border 58 Fire,CA,San Diego,2024-06-22T15:12:41Z,2024-06-24T22:01:37Z,137,100,Wildfire,NA,NA,32.58748,-116.894511,Cal Fire,3,1,"Otay Mountain Truck Trail, Otay Mountain Wilderness, Otay Mesa, CA",http://incidents.fire.ca.gov/incidents/2024/6/22/border-58-fire/,California
NA,Watts Fire,CA,Fresno,2024-06-22T16:22:56Z,2024-06-25T07:30:24Z,90,100,Wildfire,NA,NA,36.91237,-119.419517,Cal Fire,3,0,26000 Block of Watts Valley Road in eastern Fresno County,http://incidents.fire.ca.gov/incidents/2024/6/22/watts-fire/,California
NA,Needles Fire,CA,San Bernardino,2024-06-22T16:50:32Z,2024-06-25T09:12:40Z,70,75,Wildfire,NA,NA,34.8509246535633,-114.611317260411,Cal Fire,3,0,"900 Block Bush St, Needles",http://incidents.fire.ca.gov/incidents/2024/6/22/needles-fire/,California
NA,Valley Fire,CA,Tulare,2024-06-22T22:47:54Z,2024-06-23T10:27:10Z,2,100,Wildfire,NA,NA,36.274399,-119.090599,Cal Fire,3,2,"East Myer Drive, East of Tooleville ",http://incidents.fire.ca.gov/incidents/2024/6/22/valley-fire/,California
NA,Oak Fire,CA,Riverside,2024-06-23T03:29:53Z,2024-06-24T22:16:45Z,13,100,Wildfire,NA,NA,33.653953,-116.927015,Cal Fire,2,1,"42000 Block Oak Canyon Road, Sage",http://incidents.fire.ca.gov/incidents/2024/6/23/oak-fire/,California
NA,10th Fire,CA,Kern,2024-06-24T14:54:47Z,2024-06-25T09:15:15Z,133,NA,Wildfire,NA,NA,34.974609,-118.137537,Cal Fire,1,0,"10th St & Balboa Ave, Mojave",http://incidents.fire.ca.gov/incidents/2024/6/24/10th-fire/,California
NA,Amoruso Fire,CA,Placer,2024-06-24T17:07:21Z,2024-06-25T09:04:27Z,502,80,Wildfire,NA,NA,38.82437,-121.3909,Cal Fire,1,0,"Amoruso Way and Sunset Boulevard West, near Pleasant Grove in Placer County",http://incidents.fire.ca.gov/incidents/2024/6/24/amoruso-fire/,California
NA,Serrano Fire,CA,Riverside,2024-06-24T15:43:14Z,2024-06-24T16:43:08Z,12,NA,Wildfire,NA,NA,33.89433,-117.55522,Cal Fire,1,1,"Ringdahl Circle, Corona",http://incidents.fire.ca.gov/incidents/2024/6/24/serrano-fire/,California
NA,Muscat Fire,CA,Fresno,2024-06-24T15:56:24Z,2024-06-25T06:45:22Z,105,NA,Wildfire,NA,NA,36.68179,-119.35579,Cal Fire,1,0,"East Muscat Avenue and South Crawford Avenue, Granite Hill in Fresno County",http://incidents.fire.ca.gov/incidents/2024/6/24/muscat-fire/,California
NA,White Fire,CA,Mariposa,2024-06-24T16:07:29Z,2024-06-25T07:25:09Z,52,100,Wildfire,NA,NA,37.42087,-120.00789,Cal Fire,1,0,"Old Highway South and White Rock Road, near Raymond in Mariposa County ",http://incidents.fire.ca.gov/incidents/2024/6/24/white-fire/,California
NA,Flash Fire,CA,Fresno,2024-06-24T15:07:10Z,2024-06-25T09:04:47Z,1600,15,Wildfire,NA,NA,36.72528,-119.34287,Cal Fire,1,0,"East Kings Canyon Road, Squaw Valley",http://incidents.fire.ca.gov/incidents/2024/6/24/flash-fire/,California
NA,Willms Fire,CA,Tuolumne,2024-06-24T15:41:47Z,2024-06-24T19:28:58Z,12,100,Wildfire,NA,NA,37.814796,-120.656478,Cal Fire,1,1,"East of the Stanislaus County Line, in Tuolumne County  ",http://incidents.fire.ca.gov/incidents/2024/6/24/willms-fire/,California
NA,Bolt Fire,CA,Fresno,2024-06-24T17:24:30Z,2024-06-25T01:33:06Z,857,NA,Wildfire,NA,NA,36.79242,-119.31602,Cal Fire,1,0,"Palamino Drive and Elwood Road , Wonder Valley in Fresno County ",http://incidents.fire.ca.gov/incidents/2024/6/24/bolt-fire/,California
NA,1-2 Fire,CA,San Joaquin,2024-06-24T17:32:38Z,2024-06-25T06:47:53Z,215,NA,Wildfire,NA,NA,38.029246,-120.956888,Cal Fire,1,0,"North Waverly Road and East Flood Road, Linden in San Joaquin County",http://incidents.fire.ca.gov/incidents/2024/6/24/1-2-fire/,California
NA,Apache Fire,CA,Butte,2024-06-24T19:21:07Z,2024-06-25T11:26:25Z,691,15,Wildfire,NA,NA,39.418598,-121.482631,Cal Fire,1,0,Apache Hill Road and Cresmont Drive,http://incidents.fire.ca.gov/incidents/2024/6/24/apache-fire/,California
NA,Hog Fire,CA,Fresno,2024-06-25T09:18:18Z,2024-06-25T11:02:34Z,15,NA,Wildfire,NA,NA,36.914422,-119.389047,Cal Fire,0,0,Watts Valley Road near Hog Mountain Road ,http://incidents.fire.ca.gov/incidents/2024/6/25/hog-fire/,California
